"fxt-village-human-name","Ανθρώπινο χωριό"
"evt-village-pillage-action","Loot and pillage"
"evt-village-huntSlaves-action","Κυνήγησε τους ανθρώπους"
"evt-village-evict-action","Scare away the populace"
"evt-village-human-abandoned-action","[After a lot of intimidation and posturing, the local populace scampered away with what little belongings they had|We gave the Humans an ultimatum to withdraw, which they gladly accepted|Fearful of our threats, the Humans quickly packed their meagre belongings and fled]. The hovels were now abandoned."
"evt-village-human-abandoned-morning","[Μία πέρα για πέρα ανατριχιαστική σιωπή κρεμόταν πάνω από την αποστολή σήμερα το πρωί|Δεν υπήρχε ούτε ψυχή γύρω|Δεν υπήρχε ούτε φωνή ούτε ακρόαση σήμερα], ήμασταν απλά ολομόναχοι."
"it-slaves-name","Ανθρώπινος αιχμάλωτος"
"it-slaves","Ένας μίζερος Άνθρωπος, αιχμάλωτος και δεμένος χειροπόδαρα για την δόξα της Μεγάλης Αυτοκρατορίας των Πιθήκων."
"pl-slaveCart-title","Κλουβιά"
"pl-slaveCart","The cages, when mounted on a transport cart, allow the stacking of Humans more efficiently with each upgrade. Truely an astonishing feat of Ape ingenuity!"
"st-slave-stacking-description-1","Ένα πραγματικό θαύμα της τεχνολογίας των Πιθήκων. Επιτρέπει την μεταφορά ενός Ανθρώπου ανά κλουβί."
"st-slave-stacking-description-2","Ένα πραγματικό θαύμα της τεχνολογίας των Πιθήκων. Επιτρέπει την μεταφορά δύο Ανθρώπων ανά κλουβί."
"st-slave-stacking-description-3","Ένα πραγματικό θαύμα της τεχνολογίας των Πιθήκων. Επιτρέπει την μεταφορά τριών Ανθρώπων ανά κλουβί."
"st-slave-stacking-description-4","Ένα πραγματικό θαύμα της τεχνολογίας των Πιθήκων. Επιτρέπει την μεταφορά τεσσάρων Ανθρώπων ανά κλουβί."
"st-slave-stacking-1-title","Αποδοτικότητα πιθήκου 1"
"st-slave-stacking-2-title","Αποδοτικότητα πιθήκου 2"
"st-slave-stacking-3-title","Αποδοτικότητα πιθήκου 3"
"st-slave-stacking-4-title","Αποδοτικότητα πιθήκου 4"
"evt-human-fight","[Οι Άνθρωποι, αντιλαμβανόμενοι τις προθέσεις σας, άρχισαν να προετοιμάζονται για να αμυνθούν|Μπροστά στο μεγάλο φόβο της υποδούλωσης, οι Άνθρωποι άρπαξαν ότι είχαν από όπλο και παρατάχθηκαν μπροστά μας|Οι άντρες και οι γυναίκες της φυλής αρνήθηκαν να πέσουν χωρίς μάχη]. Η μάχη ήταν αναπόφευκτη."
"evt-human-fight-action","Πάρτους ζωντανούς!"
"evt-human-fight-flee-action","Τακτική υποχώρηση!"
"evt-human-fight-flee","We decided that these particular specimens were not worth the hassle and left for greener pastures. Emboldened, they sent a hunting party after us."
"evt-combat-loot-human-fight","[Ψάξαμε την περιοχή και πήραμε μαζί μας οτιδήποτε ήταν πολύτιμο|Η νίκη και τα λάφυρα ήταν δικά μας]."
"pl-warlord-title","Πολέμαρχος των Πιθήκων"
"sp-ee-warlord","A disgraced general, Brutus will fight mercilessly to regain his status in the eyes of the Ape Emperor."
"st-warlord-title","Dominating Presence"
"pl-athena-title","Μέγας Σοφός"
"sp-ee-athena","A sage of unrivalled intellect, Athena specialises in preserving weapons from the forgotten ages."
"sp-ee-marcellus","Arguably the wealthiest and best equipped Ape, besides the Ape Emperor himself."
"pl-marcellus-title","Merchant Prince"
"st-sage-title","Αρχαία γνώση."
"st-sage","Η ικανότητα να συντηρείς αρχαία όπλα."
"st-merchant-title","Merchant Prince"
"st-merchant","Can afford to have one additional trek member."
"pl-bloodrider-title","Bloodrider"
"pl-bloodrider","Bloodriders are expert Human catchers and scouts. The most adept amongst them have a slim chance to join the personal guard of the Ape Emperor."
"discoverVillage-1-title","Scout Cavalry 1"
"discoverVillage-2-title","Scout Cavalry 2"
"discoverVillage-3-title","Scout Cavalry 3"
"discoverVillage-4-title","Scout Cavalry 4"
"discoverVillage-1","Reveals nearby Ape Outposts."
"pl-neophyte-title","Neophyte"
"pk-research-1-title","Novice Researcher"
"pk-research-1","Increases the quality and value of created studies."
"pk-research-2-title","Advanced Researcher"
"pk-research-3-title","Professional Researcher"
"pk-research-4-title","Master Researcher"
"pl-marauder-title","Marauder"
"pl-marauder","The Marauder revels in battle, inspiring his fellow Apes through feats of strength."
"anm-warmount-title","Warmount"
"anm-warmount","The toughest, meanest animals, bred and trained for one purpose: War."
"ruins-name","Ερείπια"
"evt-ruins-2-action","Εξέτασε τα αρχαία"
"evt-ruins-3","Ένα αρχαίο ερείπιο κείτονταν μπροστά μας. [Ήταν σε άθλια κατάσταση, μιας και ήταν στο έλεος της φύσης και των διαφόρων καιρικών φαινομένων εδώ και αιώνες|Φαινόταν πιο παλιό και από τον ίδιο τον χρόνο|Ο χρόνος είχε αφήσει τα σημάδια του πάνω στο κτίσμα|Ο χρόνος είχε διαβρώσει αυτό που κάποτε ήταν ένα μαγευτικό θέαμα]. [Έπρεπε να _ανέβεις στην κορυφή_ του προσώπου για να φτάσεις στην είσοδο|Τα απομεινάρια μίας _στενής ελικοειδούς σκάλας_ οδηγούσαν στην μοναδική είσοδο που φαινόταν να υπάρχει|Μπορούσα να ξεχωρίσω μία είσοδο στο ανώτερο τμήμα του κτίσματος. Θα έπρεπε να _σκαρφαλώσουμε_ τους εξωτερικούς τοίχους για να την φτάσουμε]."
"evt-ruins-2","[Ένα τεράστιο κτίσμα ορθωνόταν μπροστά μας|Αρχαία μνημεία, ξεχασμένα εδώ και και αιώνες από τον Πίθηκο αλλά και τον Άνθρωπο, στέκονταν μπροστά μας|Το κτίσμα μπροστά, μας προκαλούσε φόβο αλλά και δέος|Φτάσαμε σε ένα ξεχασμένο από τον χρόνο μνημείο|Φτάσαμε σε ένα μεγαλοπρεπές μνημείο, που φαινόταν να έχει εγκαταλειφθεί εδώ και πολλούς αιώνες]. [Οι μεταλλικοί του τοίχοι ήταν καλυμμένοι από ένα παχύ στρώμα σκουριάς|Βλάστηση κάθε είδους αναπτυσσόταν προς τον ήλιο|Ήταν μια επιβλητική απόδειξη της δύναμης των δημιουργών του]. [Οι κληματσίδες που κρέμονταν χαμηλά έκρυβαν εν μέρει την είσοδο που οδηγούσε στο εσωτερικό|Επιβλητικά σκαλοπάτια οδηγούσαν σε μία τεράστια είσοδο|Η πύλη που οδηγούσε στο εσωτερικό είχε κάτι το ανατριχιαστικό πάνω της]."
"evt-ruins-actions-action","Μπες στα ερείπια"
"evt-ruins-enter","[Φτάσαμε σε κάτι που έμοιαζε με υπόγειο θησαυροφυλάκιο|Μπροστά μας ήταν κάτι που έμοιαζε με ένα ξεχασμένο από τον καιρό θησαυροφυλάκιο|Με προσοχή μπήκαμε σε έναν, αρκετά καλά διατηρημένο, αποθηκευτικό χώρο]. [Ήξερα πως αν υπήρχαν αντικείμενα αξίας θα τα βρίσκαμε εδώ|Ρίξαμε μια καλή ματιά στον σκουριασμένο θάλαμο]. Τα βήματα μας αντηχούσαν καθώς προχωρούσαμε μέσα στο θησαυροφυλάκιο."
"evt-ruins-enter-action","Ψάξε το θησαυροφυλάκιο"
"evt-ruins-hint-ice","Το μέταλλο ήταν _κρύο_ στο άγγιγμα. [Πολύ ενδιαφέρον|Σίγουρα θα υπάρχει κάποια επιστημονική εξήγηση για αυτό το φαινόμενο|Αναρωτήθηκα αν με κάποιο τρόπο είχε γίνει ανθεκτικό στην ζέστη ή αν υπήρχε κάποια άλλη εξήγηση]."
"evt-steal-animals-1","An array of suitable animals was paraded before us. Which one should we trade for?"
"evt-outpost-enter","[I|We|The trek|Our trek|Our group] [arrived|entered|stopped] at the outpost. We were greeted by a slaver and a court shaman. [The place was dirty|It was a place of hopelessness and sorrow|The place reeked of the dark side of humanity|It was a well-secured but mobile encampment|The camp was littered with filth|An acrid stench of human excrement brought tears to my eyes] and [cages filled with slaves were strewn throughout the area|comprised of a collection of cages filled with intimidated prisoners|several large cages were filled with all kinds of different people]."
"it-policebaton-name","Police Baton"
"it-policebaton","Ένα πολύ ανθεκτικό ραβδί, τέλειο για να δέρνεις Ανθρώπους"
"it-grenade-name","Χειροβομβίδα"
"it-grenade","Ένα μεταλλικό κουτί στο σχήμα λεμονιού που κάνει ΚΑΜΠΟΥΜ όταν το ρίχνεις σε Ανθρώπους."
"it-banana-name","Μπανάνα"
"it-banana","Η ένδοξη τροφή των Θεών, που ορισμένες φορές δίνει στους Πιθήκους υπερφυσική σωματική δύναμη. Ακατάλληλο για κατανάλωση από Ανθρώπους."
"zn-roamingNatives-name","Human Foragers"
"it-philosophersstone-name","Philosopher's Stone"
"it-philosophersstone","Athena's most precious possession: An ancient artefact of Clairvoyance."
"anm-warhog-title","War Hog"
"anm-warhog","War Hogs of the Apes are infamous as ferocious hunting beasts. Some say that they can smell a Human a mile away."
"pl-beastMaster-title","Beast Master"
"pl-beastMaster","Beast Masters can 'coerce' any animal to surpass its physical limitations. And they would never go on campaign without their trusty War Hogs, which they raise from birth."
"evt-harbor-recruit-beastMasterWarhog-action","Beast Master and War Hog"
"evt-harbor-recruit-beastMasterWarhog-1","We could use the help of the [Beast Master and the War Hog|experienced animal handler and the loyal beast|beast tamer and the faithful hog|dynamic duo|efficient pairing] and welcomed them to our team."
"evt-steal-animals-action","Buy pack animal"
"evt-steal-animals","We asked the outpost to provide us with a suitable pack animal."
"evt-village-steal-animal","[Απαιτήσαμε να μας δώσουν ένα ζώο ως φόρο τιμής για την Αυτοκρατορία των Πιθήκων|Αναγκάσαμε τον δουλέμπορο να μας δώσει ένα από τα ζώα του|Ο δουλέμπορος εντυπωσιάστηκε τόσο πολύ που μας έδωσε ένα από τα ζώα του|Το ζώο που μας δόθηκε φαινόταν να είναι το μόνο της προκοπής από το στοκ του|Ο δουλέμπορος κατάπιε την περηφάνια του και ενέδωσε στις απαιτήσεις μας|Ο δουλέμπορος ήταν ξεκάθαρο ότι μας μίσησε όταν τον αναγκάσαμε να μας δώσει ένα από τα ζώα του]. Αποφασίσουμε να [ονοματίσουμε το θηρίο|δώσουμε στο ζώο το όνομα|δώσουμε στο ζώο το παρατσούκλι|φωνάζουμε το ζώο από τούδε και στο εξής] $name."
"it-whisky-ape-name","Μπανάνα σναπς"
"it-whisky-ape","Destilled according to the Ape Purity Law, this is some seriously intense stuff. Not fit for consumption by Humans."
"fxt-outpost-name","Ape Outpost"
"evt-outpost-init-action","Enter Ape Trade Outpost"
"evt-village-human-main-0","Οι χωρικοί πανικοβλήθηκαν μπροστά στην θέα μας. Οι γονείς έκρυψαν γρήγορα τα παιδιά τους, και ο γέροντας του χωριού άρχισε να τρέμει."
"evt-village-human-main-1","Οι άνθρωποι μας κοίταξαν με φόβος και δέος. Ήξεραν ότι μια δύναμη μεγάλης ισχύος στεκόταν μπροστά τους."
"evt-village-human-main-2","Οι Άνθρωποι μας πλησίασαν με επιφύλαξη."
"evt-village-human-main-3","The Humans did not seem to fear us very much. Their demeanour was almost...spiteful."
"evt-village-human-main-4","Οι άνθρωποι ήταν εχθρικοί προς τα εμάς. Μάλιστα, μερικοί είχαν την τόλμη να κουβαλάνε όπλα μπροστά στην παρουσία μας."
"evt-expedition-done-WoA-1","Έπειτα από [πολλές εβδομάδες επιδρομών|ένα τέτοιο εγχείρημα|τόση δουλειά και κακουχίες], [μεγάλη ευφορία|μεγάλη χαρά|ανείπωτη περηφάνια|τρομερή ανακούφιση] με κατέβαλε. Ήξερα πως [το όνομα μου|το όνομα $name] [θα μνημονευόταν για πάντα|δεν θα ξεχνιόταν ποτέ|θα γινόταν συνώνυμο της νίκης|θα συζητιόταν για χρόνια πολλά μετά το θάνατό μου|θα το σέβονταν όλη στην Αυτοκρατορική αυλή|θα έμενε στα χρονικά της ιστορίας των Πιθήκων]."
"evt-goal-explore-WoA-finish","[Η μεγαλοπρεπής Χρυσή Πόλη υψωνόταν μέσα στο χώρο της|Η Χρυσή Πόλη δέσποζε πάνω από όλα|Επιτέλους είχαμε φτάσει στην Χρυσή Πόλη|Το εξωτικό τοπίο κολάκευε την απίστευτη Χρυσή Πόλη|Ένα θαύμα της αρχιτεκτονικής των Πιθήκων, η Χρυσή Πόλη ήταν πλέον δική μας|Ο τελικός μας προορισμός μας περιέπαιζε με τη χρυσή του δόξα|Η πόλη από χρυσάφι μας έδειχνε το δρόμο για τη νίκη|Ο στόχος ήταν μπροστά μας με τη μορφή μιας ολόχρυσης πόλης|Υπήρχε μια Χρυσή Πόλη, ένα θαύμα της αρχιτεκτονικής των Πιθήκων]."
"evt-expedition-done-WoA-action-1","[Δόξα στους Πιθήκους!|Δόξα και Τιμή!|Για την Αυτοκρατορία!|Για την Φήμη και την Δόξα!|Εμπρός, να γράψουμε Ιστορία!|Ατελείωτη Φήμη Και Δόξα Μας Περιμένει!|Δόξα στην Μεγάλη Αυτοκρατορία των Πιθήκων! Ζήτω οι Πίθηκοι!]"
"evt-goldenCity-approach-action","Πλησίασε την Χρυσή Πόλη"
"fxt-goldenCity-unearthed-name","Χρυσή Πόλη της Αυτοκρατορίας"
"evt-goal-explore-WoA-finish-action","Μπες στην Χρυσή Πόλη"
"zn-fleeingHumans-name","Fleeing Humans"
"evt-peaceful-enslavement-action","Απαίτησε αιχμαλώτους για φόρο τιμής"
"evt-peaceful-enslavement-fail","Όπως όριζαν οι αρχαίες μας παραδόσεις, αναγγείλαμε Μεγάλο Κυνήγι. Μεγάλη δόξα περίμενε τους νικητές. Τρέψαμε τους Ανθρώπους σε φυγή και τους δώσαμε ένα σημαντικό προβάδισμα...το κυνήγι είχε ξεκινήσει."
"evt-peaceful-enslavement-success","Οι άνθρωποι υπέκυψαν στην θέληση μας, αντιλαμβανόμενοι ότι το να προσφέρουν ένα κομμάτι της κοινότητας τους ως φόρο τιμής ήταν η καλύτερη τους ελπίδα για να κρατήσουν την ελευθερία τους οι υπόλοιποι. Γρήγορα μαζέψαμε τον Ανθρώπινο φόρο τιμής στη καρότσα μας. Οι υπόλοιποι Άνθρωποι δεν μπορούσαν να κοιτάξουν τους αιχμαλώτους μας στα μάτια, επειδή η ντροπή ήταν πολύ μεγάλη."
"evt-forceful-enslavement-action","Κάλεσμα για ένδοξο κυνήγι"
"evt-village-huntSlaves","We sized up the Humans and decided that they would make a worthy tribute for the Great Ape Emperor. Should we follow our ancient traditions and declare a Great Hunt or try to submit them in a far less prestigious manner?"
"evt-peaceful-enslavement-fail-2","They could see through our threats and lies and decided to take their chances and and make a stand."
"evt-shrine-14-mod","Μύρισα τον αέρα [Σαν δημόσιο ουρητήριο|Σαν απολιθωμένα κόπρανα|Άσχημη μυρωδιά, παρόμοια με αυτήν που έχουν το Καλοκαίρι οι παράγκες στην Πόλη των Πιθήκων]. Ή σαν φρεάτιο στην άκρη του δρόμου. Μετά είδα τους ατμούς, μικρά νέφη δυσωδίας να βγαίνουν από σχισμές στο έδαφος."
"evt-buy-moonstone-title","Αγόρασε φεγγαρόπετρα"
"evt-buy-moonstone","We convinced the outpost to sell us the tribute necessary to enter the local Golden City."
"evt-stoneCircle-revealSlaver-action","Reveal outposts"
"evt-pacify-success","We managed to soothe their concerns with honeyed words. The mob backed down...for now."
"evt-pacify-action","Calm the mob down"
"evt-negotiate-success","After a passionate rhetorical masterpiece, the Humans were taken aback. The mob backed down...for now."
"evt-negotiate-action","Έκκληση στη λογική"
"evt-show-of-force-success","We arrayed ourselves in all our martial splendor, weapons on display. The mob backed down...for now."
"evt-show-of-force-action","Show of force"
"evt-seal-slaves-title","Tap into Human life force"
"evt-seal-slaves","The Humans gave their life force as a tribute to the Golden City. The sheer power of the ritual was overwhelming, and you did not have to be a court shaman to feel that change was literally in the air all around the site."
"evt-goldenSeal-slaves","We approached [a mysterious|a grand|a seemingly ancient|an immemorial] structure that seemed to be partially made out of pure gold. It looked a lot like one of the ancient sites that collected tribute for the Golden Cities. [With some effort we would hopefully be able to trigger it|I believe that with the life force of Humans we could set it into motion|With a little preparation and time we would surely be able to activate it]. However, exactly what would happen upon activation remained a mystery."
"evt-goldenSeal-1-slaves","[Μας πήρε λίγη ώρα, αλλά τελικά|Μετά από πολλές ώρες τελετουργικών|Μετά από πολύ ιδρώτα και κόπο] [καταφέραμε|ήμασταν ικανοί] να [αποκρυπτογραφήσουμε|ξεκλειδώσουμε|αποκωδικοποιήσουμε|ενεργοποιήσουμε] [τον ασυνήθιστο|τον μυστηριώδη|τον μεγάλο|τον φαινομενικά αρχαίο|τον αινιγματικό] μηχανισμό. Ξαφνικά μία τεράστια στήλη φωτός [αναδύθηκε|βγήκε|εκτοξεύθηκε|προεκτάθηκε] μέσα από τη σφραγίδα."
"pl-berserker-title","Μπερσέρκερ"
"pl-berserker","Πολεμιστές που έχουν εμμονή για μπανάνα σναπς. Πλησίασε με προσοχή."
"pl-vanguard-title","Εμπροσθοφυλακή"
"pl-vanguard","Members of the Imperial Vanguard are elite scouts trained in mountain warfare."
"it-lokiGun-athena-name","Οργή των Αρχαίων"
"it-lokiGun-athena","Athena's personal weapon is an ancient artifact of unbridled power."
"narrator-1","As always[, the nobles|, the subjects|, the sycophants] of the Ape Emperor have come to petition [His Majesty|His Magnificence|their Overlord]. What makes you think that you are even worth His time?"
"narrator-2","Είσαι ένας ταπεινός ευγενής, ουσιαστικά ένα μηδενικό. Πρέπει να φτιάξεις ένα όνομα για τον εαυτό σου! Πήγαινε επισκέψου τις Χρυσές Πόλεις της Αυτοκρατορίας και εντυπωσίασε τους ηγέτες σου!"
"narrator-3","On your way, raid the pathetic Humans, capture them and offer them as tribute to the Golden Cities. But be aware, your rivals are always close by."
"narrator-4","Και τώρα φύγε, κυνήγησε και πλιατσικολόγησε. Αν επιστρέψεις πλούσιος και διάσημος ίσως και να καταφέρεις να γίνεις μέλος του στενού Του κύκλου. Για τον Αυτοκράτορα των Πιθήκων! "
"outro-pyramid","Χρυσή Πόλη"
"cl-celebration-audience-10","[Marry me!|How handsome!|I love you!|Ape Men and Women working together!]"
"cl-celebration-audience-11","[Αυτός ο βούβαλος είναι απλά τεράστιος!|Ώστε έτσι λοιπόν μοιάζει ένας βούβαλος!|Κοίτα αυτό το βουβάλι!|Πώς λέγεται αυτός εκεί ο βούβαλος;]"
"cl-celebration-audience-1","[Δες ένα|Κοίτα ένα|Δες αυτόν τον] [γλυκούλη|πιστό|έμπιστο|γενναίο] γάιδαρο!"
"cl-celebration-audience-2","[Μα τι πιστό σκυλί είναι αυτό!|Μακάρι να είχα ένα σκύλο σαν κι αυτό!|Αυτό το σκυλί αξίζει μετάλλιο!]"
"cl-celebration-audience-3","[Μπορώ να μυρίσω το αλκοόλ από εδώ πέρα!|Μπορώ να έχω και εγώ λίγο μπανάνα σναπς;|Μπανάνα σναπς είναι αυτό που έχει το μπουκάλι;]"
"cl-celebration-audience-4","[What a lady!|An Ape woman, really?|Leave the adventure to Ape men!|Do my eyes deceive me, an Ape woman?|Go back to the library!|Times are changing.|Well that's a pleasant surprise for the fairer sex.|She is glorious.|She should know her place!|Times are certainly changing for the better.|Not bad, for an Ape woman.|She is a role model!]"
"cl-celebration-audience-5","[Ένας αγροίκος!|Τι απολίτιστο πλάσμα!|Γιατί έφερες αυτό το πράγμα εδώ;|Ένα κτήνος!|Μπορεί αυτό το πράγμα να μιλήσει;]"
"cl-celebration-audience-6","[Πώς είναι καν δυνατό αυτό το πράγμα να είναι ζωντανό;|Δεν με αρέσει αυτό το πράγμα!|Τι φρίκη!|Τι είναι αυτό;!|Μπορεί να μιλήσει;|Φοβάμαι!|Αυτό το πράγμα είναι για τον ζωολογικό κήπο!|Τι αηδιαστικό πλάσμα είναι αυτό!]"
"cl-celebration-audience-7","[Ολομόναχος;|Μα που είναι οι άλλοι;|Μήπως οι υπόλοιποι να πανηγυρίζουν κάπου αλλού;|Σε κάνει να αναρωτιέσαι τι μπορεί να απόγινε το υπόλοιπο πλήρωμα...|Πρέπει να ήταν μοναχικό ταξίδι.|Η υπόλοιπη ομάδα αφανίστηκε;|Μόνο ένας πίθηκος;]"
"cl-celebration-audience-8","[Animal master!|Must like animals.|Appreciates animals more than Apes.|Probably can speak to animals too.]"
"cl-celebration-audience-9","[Why so many soldiers?|Must appreciate a fine soldier at their side.|Are they returning from war?]"
"cl-celebration-audience","[Μπράβο|Ναι|Εύχομαι να ήμουν εσύ|Με εμπνέεις να γίνω καλύτερος|Φανταστικά|Καταπληκτικά|Τι ηρωισμός|Τέλεια|Αφήστε με να δω|Για τους Αρχαίους και τον Αυτοκράτορα|Για την Αυτοκρατορία|Για τον Αυτοκράτορα|Για τον Αυτοκράτορα και τους Πιθήκους|Απίστευτο|Εξαιρετικά|Τι μέρα κι αυτή|Τι γενναιότητα|Τι χαρά|Απλά εντυπωσιακό]!"
"cl-celebration-party-1","[Ήρθε η ώρα να γιορτάσουμε με ένα ποτό!|*Χικ*|Στην υγειά σας!|Έφτασε η ώρα να πιούμε Μπανάνα σναπς!]"
"cl-celebration-party-2","[Εγώ απλώς επιτελώ το έργο του Αυτοκράτορα!|Με τις ευλογίες σας!|Εγώ απλώς θέλω να βοηθήσω!]"
"cl-celebration-party-3","[Ό,τι να 'ναι.|Ούτε που με νοιάζει.|Ελπίζω τώρα να είσαι χαρούμενος.|Νιώθεις ήρωας τώρα;]"
"cl-celebration-party-4","[Γιατί τόσοι πολλοί Πίθηκοι κοιτάνε εμένα;|Αυτό δεν φαίνεται και πολύ ασφαλές.|Όλο αυτό για μένα;|Αυτό θα μου πάρει λίγο καιρό μέχρι να το συνηθίσω|Υπερβολικά πολλοί Πίθηκοι.]"
"cl-celebration-party-5","[Επιτέλους, πολιτισμένοι Πίθηκοι ξανά.|Παιδιά ηρεμήστε, επέστρεψα.|Τα πάντα φαίνονται τόσο διαφορετικά.|Είμαι χαρούμενος που επέστρεψα.]"
"cl-celebration-party","[Σας ευχαριστώ!|Συγκινήθηκα!|Τόσο ευγενικό εκ μέρους σας!|Ευχαριστώ!|Ω, αυτό είναι απλά τέλειο!|Εξαίσια!|Αυτό είναι υπέροχο!|Θα κλάψω, ρε μπαγάσες!]"
"pk-goodReputation-title","Imposing Presence"
"evt-harbor-recruit-soldierBritish-action","$name the marauder"
"evt-harbor","[Νωρίς εκείνο το πρωί|Ο αέρας ήταν φρέσκος και μύριζε αλάτι όταν|Γεμάτος λαχτάρα|Περιμένοντας με ανυπομονησία την επερχόμενη επιδρομή|Αφού λάλησαν τα κοκόρια|Μετά από ένα καλό ύπνο|Αφού δεν κατάφερα να κλείσω μάτι από τον ενθουσιασμό μου] [έφτασα στο λιμάνι|πήγα στην αποβάθρα|ανέβηκα στο καράβι|αποθήκευσα τα πράγματά μου στο καράβι|κατέφτασα στην προβλήτα|πήρα την απόφαση να ξεκινήσω για το λιμάνι|πήρα τα μπογαλάκια μου και ξεκίνησα σιγά-σιγά για το λιμάνι]. [Το πλήρωμα είχε ακόμα πολλές ετοιμασίες να κάνει|Ο καπετάνιος δεν είχε φτάσει ακόμα|Υπήρχαν δουλειές να γίνουν ακόμα|Είχαμε λίγο χρόνο μέχρι το καράβι να είναι έτοιμο], [και ήπια μια τελευταία κούπα Μπανάνα σναπς|και έτσι πέρασα τον χρόνο μου πάνω στο κατάστρωμα, απολαμβάνοντας το δροσερό αεράκι|και έτσι έκατσα στην αποβάθρα|και είδα άμα έχει τίποτα να κάνω|και έκανα ένα μικρό τελετουργικό στα γρήγορα για να πάνε όλα καλά στο ταξίδι|και άρχισα να φαντάζομαι τι μπορεί να υπάρχει πέρα από τον ορίζοντα|και άρχισα να φαντάζομαι να μιλάνε για μένα στο παλάτι|και άρχισα να αναρωτιέμαι ποια ήταν η καλύτερη πόζα όταν με το καλό στήσουν άγαλμα προς τιμήν μου]."
"evt-harbor-recruit-1","[Με περηφάνια είδα|Μιας και ήμουν ένας από τους πιο γνωστούς Πιθήκους εξερευνητές|Με χαρά είδα|Τα νέα από τις ένδοξές μου επιδρομές είχαν ταξιδέψει σε όλο τον κόσμο και έτσι δεν εξεπλάγην όταν είδα] [πως τα κατορθώματα μου είχαν φτάσει στο παλάτι και στους εκεί γλύφτες|πως οι ιστορίες από τα κατορθώματά μου είχαν κινήσει το ενδιαφέρον πολλών ατόμων|πως οι ιστορίες από τις προηγούμενες μου επιδρομές είχαν γίνει αρκετά γνωστές|πως η παρουσία του καραβιού μας είχε τραβήξει το ενδιαφέρον του κοινού]. [Πολλοί νεοσύλλεκτοι Πίθηκοι παρουσιάστηκαν,|Με πλησίασαν πολλά ικανά χέρια] [που ήθελαν να πάρουν μέρος στην επόμενη μας αποστολή προς το άγνωστο|που ήταν αρκετά περιπετειώδεις για να με ακολουθήσουν στις μελλοντικές επιδρομές μου|με ανυπομονησία για πλιατσικό και δόξα|με περιέργεια για να μάθουν περισσότερα για τις έξι Χρυσές Πόλεις της Αυτοκρατορίας|για να μάθουν αν όντως ήταν αληθινές οι ιστορίες που περιέγραφαν τα κατορθώματα μου|με πείνα για πλιατσικό και δόξα]. Ποιον θέλω να _στρατολογήσω;_"
"evt-harbor-recruit-2","[This expedition could potentially lift me into first place and above my rivals|It was a close race for first place and the enviable prize of the Ape Emperor's good graces|My past raids and tributes had been quite successful and I felt I was soon to see my face on an honorary statue]. [Word about this had spread in the Imperial Capital|My exploits were well-known|My reputation preceded me], [and many Apes came to see our ship|attracting a few enterprising Apes to my cause|so many new recruits arrived at the ship, willing to join our raiding party]. Who did I want to _recruit?_"
"evt-harbor-recruit-3","[Η φήμη μου ήταν ακόμα μικρή, αλλά|Μετά τους κόπους των προηγούμενων αποστολών με ενθουσιασμό] [διαπίστωσα ένα μέτριο ενδιαφέρον για τα κατορθώματά μας|διαπίστωσα πως περισσότεροι Πίθηκοι έδειχναν ενδιαφέρον για το καράβι μας]. Ποιον ήθελα να _στρατολογήσω;_"
"evt-harbor-select","[Just in time|At long last|My adrenalin was pumping as|My heart jumped with anticipation as I heard that] [the|our] [ship|vessel] was [ready|prepared|primed] [for departure|to set sail|to leave the harbour|to sally forth|to head for distant shores|to put out to sea]."
"evt-harbor-recruit-mountainTrooper-action","$name the vanguard"
"evt-village-recruit-bloodrider-action","$name the Bloodrider"
"evt-village-recruit-bloodrider","$name the Bloodrider joined the trek."
"evt-harbor-recruit-berzerker-action","$name the berserker"
"evt-harbor-recruit-berzerker","$name the berserker joined our trek."
"pk-whiskyIncrease-1-title","Bananaschnapps Fanatic 1"
"pk-whiskyIncrease-1","Increases the gained sanity when drinking Bananaschnapps."
"pk-whiskyIncrease-2-title","Bananaschnapps Fanatic 2"
"pk-whiskyIncrease-3-title","Bananaschnapps Fanatic 3"
"pk-whiskyIncrease-4-title","Bananaschnapps Fanatic 4"
"bonus-whisky","Bananaschnapps Sanity"
"pl-native-starting-shaman-title","Court shaman"
"pl-native-starting-shaman","One of the Ape Emperor's close advisors. Practices ancient rites and the lore of alchemy (Chance of sanity gain when using mushrooms)"
"evt-village-recruit-shaman-action","$name the shaman"
"base-sanity","Morale"
"help-sanity","The motivation and satisfaction level of your raiding party. Drop to zero and more and more catastrophic events will begin to occur."
"base-standing","Dominance"
"help-standing","How subservient the Humans of this region are to your authority. Allow it to get too low and they may get rebellious."
"pl-native-starting-scout-title","Imperial scout"
"world-adjective","[Client State|Imperial Province|City State|Imperial Enclave|Client Kingdom|Tributary Kingdom|Vassal State|Vassal Kingdom|Magnificent City|Grand City|Grand Colony|Rich Colony|Grand Province|Rich Province|Military Enclave|Merchant Enclave|Science Enclave|Shaman Cabal|Hunting Grounds] of [Praetor|Consul|Proconsul|Governor|General|Warlord|Warmaster|Autarch|Exarch|Master|Hierophant|Sage|Minister|Legate|Overlord|Overseer|Regent|Tetrarch|Triarch|Pentarch] [Appius|Aulus|Caeso|Caligula|Caracalla|Commodus|Decimus|Domitianus|Elagabalus|Faustus|Gaius|Gnaeus|Herius|Hostus|Lucius|Macharius|Mamercus|Manius|Marcus|Marius|Mettius|Minatius|Nero|Nerva|Nonus|Novius|Numerius|Olus|Opiter|Ovius|Paullus|Pescennius|Pompeius|Postumus|Publius|Pullo|Quintus|Salvius|Septimus|Sertor|Servius|Sextus|Spurius|Statius|Sulla|Tiberius|Titus|Tullius|Tullus|Vibius|Volesus|Vopiscus|Vorenus]"
"gol-goldenTemple-arctic","Μία Χρυσή Πόλη μπορεί να βρεθεί σε αυτήν την περιοχή."
"gol-goldenTemple-buried","Contains a Golden City disguised by a shamanistic illusion."
"gol-goldenTemple-moonStone","Μία Χρυσή Πόλη μπορεί να βρεθεί σε αυτήν την περιοχή."
"empty-name",""
"evt-village-enter-neutral","[Οι χωρικοί μας παρατηρούσαν με επιφυλακτικότητα.|Την ώρα που φτάναμε, το χωριό έσφυζε από ζωή, όμως οι Άνθρωποι κρύφτηκαν μόλις πήραν χαμπάρι ότι πλησιάζαμε.] [Πήγαμε πιο κοντά και σταθήκαμε στην είσοδο του χωριού|Σταθήκαμε στην είσοδο του χωριού και αναρωτηθήκαμε τις επιλογές μας με αυτούς τους ανθρώπους]."
"evt-ship-arrival","[Ολοκλήρωνα τις πρωινές μου προετοιμασίες όταν|Ήμουν βαθιά απορροφημένος στην μελέτη μου για τον προορισμό μας όταν|Νωρίς το πρωί|Αφού συναντήσαμε πολλά θαυμαστά περίεργα είδη θαλάσσιας ζωής |Η σκέψη μου ήταν συγκεντρωμένη στην επόμενη έφοδο όταν|Μετά από ένα απρόσμενα ήρεμο ταξίδι|Μετά από αμέτρητα βάσανα, κακουχίες και δυσκολίες|Μετά από πολλές εβδομάδες ταξιδιού|Μετά από πολλές μέρες στην θάλασσα|Μέτα από μία από τις πιο τρομακτικές καταιγίδες που έχω ζήσει μέσα σε καράβι|Μου άρεσαν αρκετά οι μέρες στην θάλασσα, και για να πω την αλήθεια στεναχωρήθηκα λίγο όταν|Μέτα από πολλές βδομάδες κακού φαγητού χωρίς δείγμα μπανάνας|Πάνω που νόμιζα ότι είχαμε χαθεί και δεν θα φτάναμε ποτέ|Ένα πρωινό με πολλή ομίχλη] [φτάσαμε στα εδάφη του ντόπιου ηγέτη|φτάσαμε τελικά στην ακτή που είχαμε σκοπό να κάνουμε επιδρομή|φτάσαμε στην περιοχή που θέλαμε να κάνουμε έφοδο|μία ακτή άρχισε να αχνοφαίνεται στον ορίζοντα]. [Τα εδάφη μπροστά μας, αχανή, άγρια και αδάμαστα|Το ξένο τοπίο μπροστά μας, μας παρακαλούσε να το εξερευνήσουμε|Ήμουν περίεργος να μάθω τι είδους κίνδυνοι μας περίμεναν εδώ|Είχαμε φτάσει και η ώρα είχε έρθει για να ορμήσουμε μπροστά|Ήξερα πως το μέρος αυτό ήταν το κλειδί για την κοινωνική μου ανέλιξη|Ήξερα πως έπρεπε να βρω και να εντυπωσιάσω τον ντόπιο ηγέτη|Ήξερα πως έπρεπε να βρω την Χρυσή Πόλη]."
"evt-village-enter-forsaken","[Το χωριό ήταν άδειο.|Ένα ανατριχιαστικό θέαμα: Ήταν λες και οι κάτοικοι του χωριού δεν είχαν υπάρξει ποτέ. Δεν υπήρχε ψυχή, ούτε άντρες, ούτε γυναίκες, ούτε παιδιά.|Το χωριό ήταν τελείως παρατημένο.] [Ήταν ξεκάθαρο ότι ο κόσμος είχε φύγει βιαστικά.|Το μέρος φαινόταν να είναι παρατημένο εδώ και πάρα πολλά χρόνια και δεν ήθελε πολύ καιρό μέχρι η Μητέρα φύση να ξαναπάρει αυτό που κάποτε της ανήκε.] Έψαξα αλλά δεν μπόρεσα να βρω κάτι χρήσιμο."
"evt-postNarrative-extra-1","H ψυχοσωματική καταπόνηση των περιπετειών $his είχαν αφήσει μόνιμα σημάδια [στο σώμα|στο πνεύμα|στην ψυχή] $his και η οικογένεια $his επιβεβαίωσε πως $he πλέον δεν ήταν παρά μια σκιά του ατόμου που ήξεραν."
"evt-postNarrative-extra-2","$He used $his accumulated wealth to impress the nobility and common Apes alike by organising one of the biggest festivals with feasts and games that the Empire has ever seen."
"evt-postNarrative-extra-3","Although functioning in society in a rudimentary fashion, $he found it impossible to develop new friendships, let alone secure social and political allies."
"evt-postNarrative-extra-4","Οι επιδρομές $his είχαν δώσει σε $him ένα πολύτιμο μάθημα για το πόσο εύθραυστη είναι η ζωή, και έτσι $he προσπαθούσε κάθε μέρα [να βελτιώσει το κοινωνικό του στάτους|να βελτιώσει το όνομα $his στην πιάτσα|να κερδίσει την εύνοια των ευγενών του παλατιού|να μαζέψει πλούτο|να βρει καινούριους συμμάχους|να κερδίσει την εύνοια της Αυτοκρατορικής Αυλής]."
"evt-postNarrative-extra-5","$He gained local notoriety for building a vast habitat for the various strange animals that $he had [obtained via mysterious circumstances|brought home after $his latest raids]."
"evt-postNarrative-extra-alcoholic","$He [πάντα φρόντιζε να κουβαλά μαζί $his ένα μπουκάλι με μπανάνα σναπς όπου και να πήγαινε|είχε πάντα λίγο μπανάνα σναπς μαζί $his για να ξεχνάει την μετριότητα της ζωής $his|δεν μπορούσε να ανοιχτεί καθόλου χωρίς να πιει πρώτα λίγο μπανάνα σναπς]."
"evt-postNarrative-extra-animalName","A newly discovered Human habitat was named in $his honour."
"evt-postNarrative-extra-bipolar","Κατά την διάρκεια της ζωής $his, $he υπέφερε από μανιακά επεισόδια που συχνά κρατούσαν εβδομάδες ή και μήνες, κατά την διάρκεια των οποίων $he παρουσίαζε [απίστευτη ενέργεια, ακολουθούμενα από ίδιου μήκους περιόδους βαριάς κατάθλιψης|ακραία σκαμπανεβάσματα στην διάθεση του]."
"evt-postNarrative-extra-cookCanibal","Η σπεσιαλιτέ $his ήταν ένα πιάτο [γεμάτο με διάφορα περίεργα εξωτικά φρούτα|με διάφορα μανιτάρια|με μπαχαρωμένα κρέατα]. Κόσμος πολύς από [όλη την Αυτοκρατορία|από κάθε γωνιά της Αυτοκρατορίας] ερχόταν για να το γευτεί και κανείς δεν κατάφερε ποτέ να καταλάβει τα μυστικά της συνταγής του."
"evt-postNarrative-extra-cookPyromaniac","Δυστυχώς το μέρος κάηκε ολοσχερώς κάτω από ύποπτες συνθήκες. Ο $name δεν μπόρεσε ποτέ να [συνέλθει οικονομικά|το χωνέψει|σηκώσει κεφάλι|το αντιμετωπίσει] και να συνέρθει ψυχολογικά από αυτήν την απώλεια."
"evt-postNarrative-extra-cookSoup","Ένα κάπως διάσημο πιάτο $his ήταν μία εξωτική σούπα που ισχυριζόταν ότι είχε εφεύρει σε συνεργασία με μερικούς από τους πιο διάσημους σεφ από τις διάφορες Χρυσές Πόλεις."
"evt-postNarrative-extra-firstChildName","$He έδωσε στο πρώτο $his παιδί το όνομα [του αρχηγού που είχε στις επιδρομές που διαμόρφωσαν την ζωή $his|το όνομα του άρχοντα από μία από τις Χρυσές Πόλεις που είχε συναντήσει κατά την διάρκεια των ταξιδιών $his|του πλοίου που έφερε $him πίσω στο σπίτι]."
"evt-postNarrative-extra-kleptomaniacPoor","$He εξορίστηκε από την αυλή [ύστερα από μία αποτυχημένη προσπάθεια να κλέψει ένα από τα αντικείμενα που η ομάδα επιδρομών μας|όταν προσπάθησε να κλέψει μερικούς ανθρώπους που η ομάδα $his|προσπάθησε να κλέψει μερικά αντικείμενα που η ομάδα $his] είχε φέρει πίσω."
"evt-postNarrative-extra-kleptomaniacRich","$He dwelled in luxury to an [unhealthy|notorious|pompous] degree, although the exact source of $his riches was never exactly disclosed."
"evt-postNarrative-extra-nativeFashion","$He did not cease wearing $his eccentric clothes and even inspired a [new style of footwear|distinct new headwear|new brand of raiding attire|fashion boom] during one particular [summer|winter|season]."
"evt-postNarrative-extra-noLoyalty","Later $he became a strong critic of $his own raiding expeditions and wrote [many|some|a few] [heavily widespread|fairly unknown] [articles|books] about the possibility, that maybe Humans were more than just pathetic, barely-sentient animals. He was heavily criticised for his heretical views."
"evt-postNarrative-extra-racistChange",""
"evt-postNarrative-extra-royalName-1","[$He was formally recognised as a noble by the Imperial Court and wore $his new title with great pride|$He declined a formal title by the Imperial Court]."
"evt-postNarrative-extra-royalName-2","$Him τον είχαν στοιχειώσει [ανελέητοι|ατελείωτοι|ανατριχιαστικοί] εφιάλτες σχετικοί με τα διάφορα [τρομακτικά|σατανικά|σκοτεινά|διαβολικά] πράγματα που $he είχε κάνει."
"evt-postNarrative-extra-royalName-3","$He δεν ξαναείπε την παραμικρή κουβέντα για ότι $he είχε κάνει στην διάρκεια των ταξιδιών $his."
"evt-postNarrative-extra-royalName","[Ένα βασιλικό σκάφος|Ένα βασιλικό πλοίο|Μία βασιλική γέφυρα|Ένας βασιλικός δρόμος|Μία Ανθρώπινη περιοχή] ονομάστηκε προς τιμήν $his."
"evt-postNarrative-extra-soldierLife","$He βραβεύτηκε με [στρατιωτικό μετάλλιο|μετάλλιο ανδρείας] επειδή [έθεσε την ίδια $his τη ζωή σε κίνδυνο για να σώσει ένα Πίθηκο συμπολεμιστή του|κατάφερε μόνος του να αιχμαλωτίσει ένα πολύ μεγάλο αριθμό Ανθρώπων|μονάχος του κατάφερε να νικήσει ένα χωριό Ανθρώπων που είχε επαναστατήσει|περπάτησε μονάχος χωρίς φαΐ και χωρίς ύπνο τρεις ολόκληρες μέρες για να παραδώσει ένα σημαντικό μήνυμα με πληροφορίες για τον εχθρό]."
"evt-postNarrative-extra","$He stayed in contact with most of the other survivors and corresponded monthly until $his death years later. They remained allies in the game of social advance."
"evt-postNarrative-extraCampaign","O $name επέστρεψε [στην Πρωτεύουσα της Αυτοκρατορίας|στους κυματιστούς λόφους της Αυτοκρατορικής ενδοχώρας|στις ήσυχες κοιλάδες της Αυτοκρατορίας|στα μαγευτικά βουνά της Αυτοκρατορικής ενδοχώρας|στις σμαραγδένιες ακτές της Αυτοκρατορίας|στο μέρος που $he αποκαλούσε σπίτι|στους αγαπημένους $his|σπίτι|στη γενέτειρα $his|στην οικογένεια $his|πίσω στα αγαπημένα του πρόσωπα] θριαμβευτής. Το νέο άγαλμα που έφτιαξαν προς τιμή του έμοιαζε αρκετά με $him, κι όμως $he δεν είχε αναπαυθεί στις δάφνες του. Ζωηροί εφιάλτες κρατούσαν $him ξύπνιο κάθε βράδυ. $He δεν καταλάβαινε ακριβώς τι συνέβαινε, αλλά ήταν λες και νέες γνώσεις και πληροφορίες σχηματίζονταν στο μυαλό $his σιγά σιγά. Με κάποιο τρόπο $he γνώριζε ότι θα ερχόταν η στιγμή που θα έπρεπε να σαλπάρει για μία ακόμα φορά, για το τελευταίο $his αυτή τη φορά ταξίδι. Ωστόσο, $he δεν θα επιδίωκε την δόξα και τη φήμη αλλά κάτι πολύ, πολύ μεγαλύτερο..."
"evt-postNarrative-lateLife-alcoholicDeath","$He [κατέληξε να έχει ένα πρώιμο θάνατο λόγο χρόνιου αλκοολισμού|σκοτώθηκε σε ένα καυγά που είχε μια μέρα που είχε μεθύσει|πέθανε μια μέρα που καταριόταν μεθυσμένος τον Αυτοκράτορα των Πιθήκων|τον σκότωσε ένας φίλος του σε ένα καυγά που είχαν, μια μέρα που είχαν μεθύσει|πέθανε από κάποια άγνωστη ασθένεια που σχετίζεται με το αλκοόλ, αφού πρώτα κατέβασε ένα μπουκάλι μπανάνα σναπς|έπεσε στη θάλασσα και πνίγηκε ένα ψυχρό φθινοπωρινό βράδυ|έζησε μέχρι τα βαθιά $his γεράματα παρόλο που ποτέ στην ζωή του δεν σταμάτησε να πίνει]."
"evt-postNarrative-lateLife-familyDeath","$He [πέθανε στην αγκαλιά του πιστού $his υπηρετικού προσωπικού|άφησε την τελευταία $his πνοή περιτριγυρισμένος από τους συγγενείς, φίλους και συμμάχους $his]."
"evt-postNarrative-lateLife-genericDeath","$He έζησε μία [χαρούμενη|ταπεινή|ήσυχη] ζωή και πέθανε [στην αγκαλιά της οικογένειας $his|στην αγκαλιά της αγαπημένης $his συζύγου|περιτριγυρισμένος από τα αχάριστα εγγόνια $his|στα χέρια του αυλικού σαμάνου|δίπλα στο αγαπημένο $his κατοικίδιο]."
"evt-postNarrative-lateLife-lepidopterophobiaDeath","Even through all the adventures $he never succumbed to $his fear of [butterflies|large moths], [$his life had since been cut short by|$he died in] a tragic accident while [hunting|hiking|raiding]. $he was so inhibited by the phobia, that $he [became confused|lost control] and plunged off a cliff."
"evt-postNarrative-lateLife-missionaryDeath","$He έζησε [μία ταπεινή|μία ήσυχη|μία μετριοπαθή|μία απλή] ζωή [και πέθανε σαν ένας απλός υπηρέτης του Αυτοκράτορα των Πιθήκων|και πέθανε δοξάζοντας τον Αυτοκράτορα των Πιθήκων μέχρι και την τελευταία μέρα της ζωής του|και πέθανε δίπλα στους συγγενείς, φίλους και συμμάχους $his]."
"evt-postNarrative-lateLife-nativeDeath","$He [πέθανε από Μαλάρια|πέθανε μια μέρα σε ένα ατυχές συμβάν που τον πάτησε ένας ελέφαντας|πέθανε μια μέρα σε ένα ατυχές συμβάν που τον πάτησαν κάτι αφηνιασμένες αγελάδες|σκοτώθηκε από ένα πεινασμένο αγριογούρουνο|σκοτώθηκε από μία τίγρη που του όρμησε καθώς έπινε νερό αμέριμνος σε μια λίμνη|πέθανε ειρηνικά περικυκλωμένος από τους φίλους και συμμάχους $his]."
"evt-postNarrative-lateLife-paranoidDeath","[$He πέρασε τα τελευταία χρόνια της ζωής $his στη φυλακή επειδή δολοφόνησε έναν φοροεισπράκτορα που υποτίθεται πως τον είχε εκβιάσει|Τα ίχνη $his τα τελευταία χρόνια είχαν χαθεί, ύστερα από ένα απόγευμα που εξαφανίστηκε μυστηριωδώς|Ο τελευταίος που είδε $him, τον περιέγραψε να τρέχει γυμνός και να γαβγίζει σαν Άνθρωπος|O $name πέρασε τα τελευταία χρόνια της ζωής $his σε τρελοκομείο, ύστερα από ένα συμβάν που επιτέθηκε στον αφέντη του επειδή και καλά ανήκε σε μια αίρεση που λάτρευε μία Θεότητα με πλοκάμια|Είχαν διαδοθεί φήμες ότι δεν πήγαινε και πολύ καλά στα μυαλά $his|Φήμες λέγανε ότι $he είχε γίνει ένας μοναχικός ερημίτης που είχε πάθει εμμονή με διάφορες πανάρχαιες θεότητες]."
"evt-postNarrative-lateLife-seventhWorldDeath","Στα τελευταία χρόνια της ζωής $his, τον είχαν στοιχειώσει [όνειρα|σκέψεις|ιδέες|οράματα|εφιάλτες] σε [ανησυχητικό|συχνό] βαθμό, σχετικά με μία [ξεχασμένη|απόκρυφη|κρυφή] [αρχαία Χρυσή Πόλη|έβδομη αποστολή]. [$He εξαφανίστηκε χωρίς να αφήσει ξανά ίχνη ζωής|$He δεν έδωσε σημεία ζωής έκτοτε]."
"evt-postNarrative-lateLife-soldierDeath","$He πέθανε [ύστερα από μία μάχη που η διμοιρία του εκτελέστηκε λόγω ανυπακοής|όταν $he και η ομάδα του αιχμαλωτίστηκαν σε μία μάχη, η αλήθεια είναι ύστερα από πολλές νίκες, και εκτελέστηκαν από έναν αντίπαλο πολέμαρχο|σε μία μάχη που $he θυσίασε την ζωή $his για το καλό της Αυτοκρατορίας|ύστερα από μία μάχη όπου μαχαίρωσαν $him και την διμοιρία του επειδή αψήφησε τις διαταγές που $his είχαν δοθεί|σε μία μάχη όπου $he προέλασε μόνος του μπροστά στο εχθρικό μέτωπο λες και ήθελε να αυτοκτονήσει]."
"evt-postNarrative-middleLife-1","After returning, $name [travelled throughout the Imperial provinces and client kingdoms|visited many of the Empire's holdings] [talking|publicly speaking|giving lectures] about those famous raids."
"evt-postNarrative-middleLife-2","O $name επέστρεψε στο σπίτι $his και έζησε μία μοναχική και απομονωμένη ζωή. Μετά από μερικά χρόνια, $he έκδωσε τα απομνημονεύματα $his, τα οποία [δεν είχαν και ιδιαίτερη επιτυχία|όμως απέτυχαν να γίνουν δημοφιλή στο ευρύ κοινό|πουλήσανε σαν καραμέλες και επέτρεψαν σε $him έκτοτε να ζήσει μία άνετη ζωή μέσα στο παραδάκι|γίνανε best seller εν μία νυκτί και κάπως έτσι $him εκτοξεύτηκε από τα κατώγεια στα ανώγεια|πιάσανε πάτο και έτσι βρέθηκε να χρωστά τα μαλλιά της κεφαλής του]."
"evt-postNarrative-middleLife-3","O $name παρέμεινε στην ενδοχώρα της Αυτοκρατορίας και δεν επέστρεψε ποτέ στο παλιό $his σπίτι."
"evt-postNarrative-middleLife-4","Ο $name [επέστρεψε στην πατρίδα $his και δεν ξαναπάτησε το πόδι του στην ενδοχώρα της Αυτοκρατορίας|ανέπτυξε μία ιδιαίτερη αγάπη και για τις δύο κουλτούρες και ταξίδεψε πολλές φορές κατά την διάρκεια της ζωής $his τόσο στην ένδοξη Πρωτεύουσα της Αυτοκρατορίας όσο και στην πατρίδα $his]."
"evt-postNarrative-middleLife-5","$name forged [a role|a career] in the military ranks."
"evt-postNarrative-middleLife-6","$name returned to the Imperial Capital and opened up [a small|a petite|a humble|an exclusive] [restaurant|soup kitchen|eating establishment], which $he ran for many years."
"evt-postNarrative-middleLife-7",""
"evt-postNarrative-middleLife","O $name επέστρεψε στο σπίτι του [και άρχισε να ξαναασχολείται με το παλιό $his επάγγελμα|αλλά η φυσική του κατάσταση απέτρεψε $him από το να βρει κάποια καλή και σταθερή δουλειά|και έγινε συγγραφέας διάφορων βιβλίων με θέμα ""Η Τέχνη του Πλιατσικού""|και έζησε από την περιουσία της συζύγου που $he παντρεύτηκε λίγο καιρό μετά|και έγινε δήμαρχος της πόλης $his|και έγινε σύμβουλος στο Παλάτι|και άνοιξε μια μικρή βιβλιοθήκη σε μια προσπάθεια να εξαπλώσει την γνώση για τον έξω κόσμο|και μετά από μια μικρή στιγμή δόξας εξαφανίστηκε στις σκιές της Ιστορίας|και ασχολήθηκε με την καλλιέργεια μπανάνας]."
"evt-postNarrative-special-1","Ο $name επέστρεψε [στην Αυτοκρατορία|στην καρδιά της Αυτοκρατορίας|στους λόφους της Αυτοκρατορικής Ενδοχώρας|στις ειρηνικές κοιλάδες της Αυτοκρατορίας|στα μαγευτικά βουνά της Αυτοκρατορικής ενδοχώρας|στις σμαραγδένιες ακτές της Αυτοκρατορίας|στο μέρος που $he αποκαλούσε σπίτι|στους αγαπημένους $his|σπίτι|στην πατρίδα $his|στην οικογένεια $his] θριαμβευτής. $He είχε μια [βαρετή|πολύ απλή|ανιαρή] ζωή έκτοτε, και μέχρι και τις τελευταίες $his μέρες $he δεν μπορούσε να ξεχάσει και να ξεπεράσει το γεγονός ότι είχε αποτύχει να γίνει ο Εκλεκτός του Αυτοκράτορα των Πιθήκων."
"evt-postNarrative-special-2","Ο $name επέστρεψε [στην Πρωτεύουσα της Αυτοκρατορίας|στην καρδιά της Αυτοκρατορίας|στους λόφους της Αυτοκρατορικής ενδοχώρας|στις ειρηνικές κοιλάδες της Αυτοκρατορικής ενδοχώρας|στα μαγευτικά βουνά της Αυτοκρατορικής ενδοχώρας|στη σμαραγδένια ακτή της Αυτοκρατορίας|στο μέρος που $he αποκαλούσε σπίτι|στους αγαπημένους $his|σπίτι|στην πατρίδα $his|στην οικογένεια $his] θριαμβευτής. $He έζησε για πολλά χρόνια. Μερικά καλά, μερικά άσχημα, ποτέ όμως δεν ξανάζησε τόσο ένδοξες μέρες όπως τότε που ταξίδευε σε όλο τον κόσμο αναζητώντας την δόξα. Ήταν τόσο κοντά μα και τόσο μακριά στο να αποκτήσει αιώνια δόξα και φήμη. Μέχρι και την τελευταία στιγμή της ζωής του δεν ξέχασε ούτε στιγμή ότι είχε αποτύχει στον υπέρτατο του στόχο."
"evt-postNarrative-special","Ο $name επέστρεψε [στην Πρωτεύουσα της Αυτοκρατορίας|στην καρδιά της Αυτοκρατορίας|στους λόφους της Αυτοκρατορικής ενδοχώρας|στις ειρηνικές κοιλάδες της Αυτοκρατορικής ενδοχώρας|στα μαγευτικά βουνά της Αυτοκρατορικής ενδοχώρας|στη σμαραγδένια ακτή της Αυτοκρατορίας|στο μέρος που $he αποκαλούσε σπίτι|στους αγαπημένους $his|σπίτι|στην πατρίδα $his|στην οικογένεια $his] θριαμβευτής. [Από την στιγμή που|Αφού πια] [το άγαλμα προς τιμήν $his ήταν έτοιμο, $he|το άγαλμα προς τιμήν του ήταν έτοιμο και $he είχε την υστεροφημία $his εγγυημένη, $he] άρχισε να έχει μία [ευτυχισμένη|χαρούμενη|επιτυχημένη] ζωή στην αυλή του Παλατιού, όντας το δεξί χέρι του ίδιου του Αυτοκράτορα των Πιθήκων, γνωρίζοντας ότι πλέον η Ιστορία [θα θυμόταν|θα είχε|θα ανέφερε] $him [στην ύψιστη θέση|με χρυσά γράμματα|ως παράδειγμα προς μίμηση|ως πραγματικό ήρωα|ως τον υπέρτατο πλιατσικολόγο|ως τον καλύτερο επιδρομέα που εμφανίστηκε ποτέ|ως άριστο μεταξύ αρίστων|ως παράδειγμα προς μίμηση για τις γενεές που θα ακολουθούσαν|ως έναν Πίθηκο πραγματικά υπόδειγμα|ως έναν Πίθηκο άξιο θαυμασμού|ως πηγή έμπνευσης για όλους τους Πιθήκους]."
"attack-loki-name-1","Stable Beam"
"attack-loki-name-2","Defensive Beam"
"attack-loki-name","Alternating Beam"
"np-malePraenomen","[Appius|Aulus|Caeso|Decimus|Faustus|Gaius|Gnaeus|Herius|Hostus|Lucius|Mamercus|Manius|Marcus|Mettius|Minatius|Nonus|Novius|Numerius|Olus|Opiter|Ovius|Paullus|Pescennius|Postumus|Publius|Quintus|Salvius|Septimus|Sertor|Servius|Sextus|Spurius|Statius|Tiberius|Titus|Tullus|Vibius|Volesus|Vopiscus]"
"np-femalePraenomen","[Appia|Aula|Caesa|Decima|Fausta|Gaia|Gnaea|Heria|Hosta|Lucia|Mamerca|Mania|Marcia|Mettia|Mino|Nona|Noviua|Numeria|Postuma|Publia|Quinta|Salvia|Septima|Sertor|Servia|Sexta|Spuria|Statia|Tiberia|Titia|Tulla|Vibius|Volusa|Vopisca]"
"np-maleNomen","[Aelius|Aemilius|Allidius|Alius|Allius|Ampius|Anicius|Annaeus|Annius|Antonius|Arellius|Arius|Atanius|Attiolenus|Audius|Aufidius|Aurelius|Avilius|Babullius|Bombius|Braundutius|Caecilius|Caelius|Caesonius|Calpurnius|Caltius|Calvius|Castricius|Cerrinius|Cincius|Cispius|Claudius|Clodius|Cluvius|Cocceius|Cottius|Cornelius|Cornius|Cossinius|Cossutius|Crassicius|Crepereius|Critonius|Decumius|Didius|Diobellius|Domitius|Egnatius|Erucius|Fabius|Fabricius|Felsonius|Flaminius|Flavius|Fulvius|Furius|Gerillanus|Gerraeus|Gessius|Granius|Heius|Helvius|Horarius|Hordionius|Hostilius|Iulius|Laberius|Labienus|Laelius|Laronius|Licinius|Livius|Loisius|Lollius|Lucceius|Lucretius|Luxius|Maecius|Magulnius|Mamilius|Marcius|Marius|Memmius|Mescinius|Messius|Mevius|Mindius|Mundicius|Naevius|Nerius|Nimmius|Nonnius|Novius|Numitorius|Nummius|Numonius|Obellius|Octavius|Ofellius|Olius|Opellius|Oppius|Orbius|Orceius|Otacilius|Paconius|Pactumeius|Pediasius|Pedius|Petronius|Pettius|Pius|Plaitorius|Plotius|Pompeius|Pompilius|Pomponius|Popilius|Popillius|Porcius|Pumidius|Quinctius|Raecius|Rasennius|Rutilius|Sabinius|Samiarius|Satricanius|Saufeius|Seius|Sempronius|Septimius|Serpoleius|Servilius|Sestius|Sextilius|Spedius|Staius|Stenius|Stertinius|Stlaccius|Sulfius|Sulpicius|Tarquinius|Titinius|Trebellius|Tuccius|Tullius|Turpillius|Tuscenius|Tutorius|Ulpius|Valerius|Varius|Venoleius|Veratius|Verrinius|Verius|Veturius|Veveius|Vibius|Vicirius|Vipsanius|Vinicius|Viseius|Vitellius|Vorenus|Umbricius|Volusius]"
"np-femaleNomen","[Aelia|Aemilia|Allidia|Alia|Allia|Ampia|Anicia|Annaea|Annia|Antonia|Arellia|Aria|Atania|Attiolena|Audia|Aufidia|Aurelia|Avilia|Babullia|Bombia|Braundutia|Caecilia|Caelia|Caesonia|Calpurnia|Caltia|Calvia|Castricia|Cerrinia|Cincia|Cispia|Claudia|Clodia|Cluvia|Cocceia|Cottia|Cornelia|Cornia|Cossinia|Cossutia|Crassicia|Crepereia|Critonia|Decumia|Didia|Diobellia|Domitia|Egnatia|Erucia|Fabia|Fabricia|Felsonia|Flaminia|Flavia|Fulvia|Furia|Gerillana|Gerraea|Gessia|Grania|Heia|Helvia|Horaria|Hordionia|Hostilia|Iulia|Laberia|Labiena|Laelia|Laronia|Licinia|Livia|Loisia|Lollia|Lucceia|Lucretia|Luxia|Maecia|Magulnia|Mamilia|Marcia|Maria|Memmia|Mescinia|Messia|Mevia|Mindia|Mundicia|Naevia|Neria|Nimmia|Nonnia|Novia|Numitoria|Nummia|Numonia|Obellia|Octavia|Ofellia|Olia|Opellia|Oppia|Orbia|Orceia|Otacilia|Paconia|Pactumeia|Pediasia|Pedia|Petronia|Pettia|Pia|Plaitoria|Plotia|Pompeia|Pompilia|Pomponia|Popilia|Popillia|Porcia|Pumidia|Quinctia|Raecia|Rasennia|Rutilia|Sabinia|Salvia|Samiaria|Satricania|Saufeia|Seia|Sempronia|Septimia|Serpoleia|Servilia|Sestia|Sextilia|Spedia|Staia|Stenia|Stertinia|Stlaccia|Sulfia|Sulpicia|Tarquinia|Titinia|Trebellia|Tuccia|Tullia|Turpillia|Tuscenia|Tutoria|Ulpia|Valeria|Varia|Venoleia|Veratia|Verrinia|Veria|Veturia|Veveia|Vibia|Viciria|Vinicia|Vipsania|Viseia|Vitellia|Vorena|Volusia|Umbricia]"
"np-maleCognomen","[Abito|Adjutor|Aemilianus|Adventus|Agrippa|Alexander|Aloysius|Alypius|Amandus|Ambrosius|Amphion|Antonius|Anatolius|Andronicus|Angelus|Aquila|Arcadius|Arvina|Asina|Augustus|Aurelianus|Aurelius|Auspex|Avitus|Balduinus|Bassus|Belenus|Belisarius|Bellator|Bellus|Bibulus|Brutus|Caelestius|Candidus|Caligula|Carinus|Carus|Castus|Celer|Cicero|Cinna|Clemens|Commodus|Crassus|Crescens|Crispus|Datus|Dannicus|Decentius|Decius|Diocletianus|Donatus|Domitianus|Draco|Drusus|Durus|Emeritus|Faustus|Felix|Festus|Firmus|Fortunatus|Fronto|Fuscus|Glaucia|Gracchus|Hadrianus|Honoratus|Honorius|Ianaurius|Ingenuus|Iovita|Iulianus|Iustus|Lepidus|Longinus|Magnus|Marcellinus|Marcellus|Marcianus|Martialis|Maximus|Nerva|Numerianus|Optatus|Primus|Priscus|Probus|Proculus|Pullo|Quintillus|Rogatianus|Rogatus|Rufinus|Rufus|Sabinus|Saturninus|Scipio|Secundus|Seianus|Severus|Silvanus|Sulla|Superbus|Tacitus|Tertius|Traianus|Urbanus|Valens|Valentinus|Valerianus|Verecundus|Verus|Vespasianus|Victor|Victorinus|Vitalis|Zeno|Zosimus]"
"np-femaleCognomen","[Aemiliana|Agrippa|Agrippina|Adventa|Alexandra|Aloysia|Alypia|Amanda|Ambrosia|Amphia|Anatolia|Andronica|Angela|Antonina|Aquila|Arcadia|Augusta|Aureliana|Aurelia|Avita|Balduina|Bassa|Belena|Belisaria|Bella|Bibula|Bruta|Caelestia|Candida|Carina|Cara|Casta|Commoda|Crassa|Crispa|Dannica|Data|Decentia|Decia|Diocletiana|Domitiana|Donata|Drusa|Dura|Emerita|Fausta|Festa|Firma|Fortunata|Fusca|Glaucia|Graccha|Hadriana|Honorata|Honoria|Ianauria|Ingenua|Iovita|Iuliana|Iusta|Lepida|Longina|Magna|Marcellina|Marcella|Marciana|Maxima|Numeriana|Optata|Quintilla|Paulla|Prima|Prisca|Proba|Procula|Rogatiana|Rogata|Rufina|Rufa|Sabina|Saturnina|Secunda|Seiana|Severa|Silvana|Superba|Tacita|Tertia|Traiana|Urbana|Valentina|Valeriana|Verecunda|Vera|Vespasiana|Victoria|Victorina|Zena|Zosima]"
"np-romanTitles","[Praetor|Consul|Proconsul|Governor|General|Warlord|Warmaster|Autarch|Exarch|Grand Vizier|Grand Hierophant|Grand Shaman]"
