"fxt-village-human-name","Poblado humano"
"evt-village-pillage-action","Saquear"
"evt-village-huntSlaves-action","Cazar a los humanos"
"evt-village-evict-action","Asustar a la población local"
"evt-village-human-abandoned-action","[Tras muchas intimidaciones y amenazas, la población local huyó a toda prisa con las pocas pertenencias que pudieron llevarse consigo|Dimos a los humanos una última oportunidad para marcharse, la cual aceptaron con sumo gusto|Temerosos de nuestras amenazas, los humanos recogieron rápidamente sus escasas posesiones y huyeron como alma que lleva el Diablo]. Las chozas estaban ahora abandonadas."
"evt-village-human-abandoned-morning","[Un silencio ominoso a la par que espeluznante se cernió sobre la misión esta mañana|Durante nuestra estancia no vimos ni un alma|Ni vimos ni escuchamos a otras personas mas que a nosotros mismos]: estábamos completamente solos."
"it-slaves-name","Prisionero humano"
"it-slaves","Un humano miserable, hecho prisionero por la gloria del Gran Imperio Simio."
"pl-slaveCart-title","Jaulas"
"pl-slaveCart","Las jaulas, cuando están ensambladas sobre un carro de transporte, permiten con cada mejora el transporte de humanos de una forma más eficiente. ¡Ciertamente, es una extraordinaria proeza nacida del ingenio de los simios!"
"st-slave-stacking-description-1","Una maravilla de la tecnología simia. Permite transportar a un humano por cada jaula."
"st-slave-stacking-description-2","Una maravilla de la tecnología simia. Permite transportar a dos humanos por cada jaula."
"st-slave-stacking-description-3","Una maravilla de la tecnología simia. Permite transportar a tres humanos por cada jaula."
"st-slave-stacking-description-4","Una maravilla de la tecnología simia. Permite transportar a cuatro humanos por cada jaula."
"st-slave-stacking-1-title","Eficiencia simia 1"
"st-slave-stacking-2-title","Eficiencia simia 2"
"st-slave-stacking-3-title","Eficiencia simia 3"
"st-slave-stacking-4-title","Eficiencia simia 4"
"evt-human-fight","[Los humanos, dándose cuenta de nuestras intenciones, se prepararon para defenderse|Temerosos de ser tomados como esclavos, los humanos agarraron las armas que poseían y se enfrentaron a nosotros|Los hombres y mujeres de la tribu se negaron a ser capturados pacíficamente]. La lucha era inevitable."
"evt-human-fight-action","¡Cogedlos con vida!"
"evt-human-fight-flee-action","¡Retirada estratégica!"
"evt-human-fight-flee","Decidimos que estos especímenes en particular no merecían la molestia, así que nos fuimos a buscar pastos más verdes. Envalentonados, los humanos mandaron una partida de caza a por nosotros."
"evt-combat-loot-human-fight","[Registramos el lugar y cogimos todo lo que tuviese algún valor|Como vencedores, el botín nos pertenecía por derecho]."
"pl-warlord-title","El Señor de la Guerra de los simios"
"sp-ee-warlord","Un deshonrado general. Bruto luchará sin descanso para recuperar su antigua posición a los ojos del Emperador Simio."
"st-warlord-title","Presencia dominadora"
"pl-athena-title","La Gran Sabia"
"sp-ee-athena","Una sabia de un intelecto sin parangón. Atenea se especializa en preservar las armas de las eras olvidadas."
"sp-ee-marcellus","Posiblemente el simio más acaudalado y mejor equipado, aparte del propio Emperador Simio."
"pl-marcellus-title","El Príncipe Mercader"
"st-sage-title","Conocimiento antiguo"
"st-sage","La habilidad para preservar armas antiguas."
"st-merchant-title","El Príncipe Mercader"
"st-merchant","Permite tener un compañero adicional en el grupo."
"pl-bloodrider-title","Jinete de sangre"
"pl-bloodrider","Los jinetes de sangre son expertos batidores y cazadores de humanos. Los mejores entre ellos tienen una pequeña posibilidad de unirse a la guardia personal del Emperador Simio."
"discoverVillage-1-title","Exploración a caballo 1"
"discoverVillage-2-title","Exploración a caballo 2"
"discoverVillage-3-title","Exploración a caballo 3"
"discoverVillage-4-title","Exploración a caballo 4"
"discoverVillage-1","Revela la localización de los puestos de avanzada simios cercanos."
"pl-neophyte-title","Neófito"
"pk-research-1-title","Aprendiz de Buscador"
"pk-research-1","Aumenta la calidad y el valor de obras creadas."
"pk-research-2-title","Buscador avanzado"
"pk-research-3-title","Buscador profesional"
"pk-research-4-title","Maestro Buscador"
"pl-marauder-title","Saqueador"
"pl-marauder","El saqueador se deleita en la batalla, insuflando vigor a sus socios primates."
"anm-warmount-title","Montura de guerra"
"anm-warmount","Los más rudos, a la par que mezquinos animales engendrados y adiestrados para un único propósito: la guerra."
"ruins-name","Ruinas"
"evt-ruins-2-action","Investigar ruinas"
"evt-ruins-3","Unas ruinas de tiempos pretéritos se irguieron ante nosotros. [ Su decadente estado desvelaba la mella sufrida por el paso de los siglos |Parecía cimentar sus orígenes junto a la creación del propio tiempo |El devenir de los evos habíase cobrado un erosivo tributo en la otrora fastuosa estructura]. [Debíamos _escalar_ una de sus caras para acceder a su entrada | Los desvencijados restos de una _angosta escalera_ nos condujeron hacia la única entrada | Percibimos una apertura en la parte superior de las mismas. No quedaba sino _escalar_ los muros exteriores si aspirábamos a alcanzarla]."
"evt-ruins-2","[ Una ciclópea estructura se cernía ante nosotros| Unas ruinas antediluvianas largo tiempo olvidadas entre simios y humanos por igual eran bañadas por la luz del Sol|La estructura que presenciábamos irradiaba miedo y respeto por igual| Llegamos a unas ruinas largo tiempo olvidadas|Nos encaminábamos a unas ruinas majestuosas empero largo tiempo olvidadas|. [Sus empalizadas de metal mostrábanse cubiertas de óxido|Toda suerte de vida vegetal se alzaba en pos de un Sol inalcanzable|Nos pareció el más audaz legado realizado por de sus constructores]. [La maleza local se afanaba en ocultar sin éxito la entrada que nos permitiría el acceso al interior|Una desmesurada escalinata nos emplazó frente a un portón colosal|El portón que nos permitiría alcanzar el interior nos transmitió un inquietante escalofrío]."
"evt-ruins-actions-action","Entrar en las ruinas"
"evt-ruins-enter","[Llegamos a lo que aparentaba ser una pequeña bóveda subterránea|Ante nosotros se abría una suerte de bóveda abandonada| Cuidadosamente penetramos en un espacio bien conservado dedicado al almacenamiento]. Si este lugar preservaba algún viejo artefacto, asumí que lo encontraríamos aquí|Sin mediar palabra examinamos la deteriorada cámara]. El eco de nuestros pasos era lo único que quebrantaba el silencio a medida que nos adentrábamos en la bóveda."
"evt-ruins-enter-action","Inspeccionar bóveda"
"evt-ruins-hint-ice","El metal era_frío_al tacto.[Que interesante|Tenía que haber algún motivo científico para este fenómeno|Me pregunté si cabía la posibilidad de que repeliera el calor o si había otra explicación]."
"evt-steal-animals-1","Toda suerte de animales se encontraba expuesta ante nosotros. ¿Por cuál nos decantaríamos?"
"evt-outpost-enter","[|El grupo|La expedición|Nuestra expedición|Nuestro grupo][llegó a|entró en|se detuvo frente a|un mercado de esclavos. Fuimos saludados por un esclavista y su cortejo chamánico.[Era un lugar abyecto|Era un emplazamiento de desesperanza y melancolía |El lugar era una oda al lado más perverso que la humanidad podía ofrecer|A pesar de tratarse de un emplazamiento itinerante la seguridad del mismo era encomiable|El mercado estaba repleto de porquería|El acre hedor de las heces humanas espoleaba mis ojos lacrimosos] y[jaulas repletas con esclavos se hallaban diseminadas por toda la zona|constaba de un amplio abanico de jaulas repletas de intimidados prisioneros|varias jaulas habían sido atiborradas con los autóctonos del lugar]."
"it-policebaton-name","Porra policial"
"it-policebaton","Una vara encomiablemente firme, muy efectiva para atizar Humanos"
"it-grenade-name","Granada de mano"
"it-grenade","Una caja metálica con forma de limón que hace BUM si la lanzas a Humanos."
"it-banana-name","Plátano"
"it-banana","El néctar de los Dioses, a veces conduce a los simios a grandes proezas de índole física. No es apto para el consumo humano."
"zn-roamingNatives-name","Carroñeros humanos"
"it-philosophersstone-name","Piedra Filosofal"
"it-philosophersstone","La posesión más preciosa de Atenea: una antiguo artefacto de clarividencia."
"anm-warhog-title","Cerdos de Guerra"
"anm-warhog","Los Cerdos de Guerra primates son bestias de caza tan infames como feroces. Hay quien dice que pueden oler la carne humana a millas de distancia."
"pl-beastMaster-title","Amo de las bestias"
"pl-beastMaster","Los amos de las bestias pueden ""obligar"" a cualquier animal a superar sus limitaciones físicas. Y nunca van a una campaña sin sus leales cerdos de guerra, que son criados desde su nacimiento."
"evt-harbor-recruit-beastMasterWarhog-action","Amo de las bestias y cerdo de guerra"
"evt-harbor-recruit-beastMasterWarhog-1","Podríamos aprovechar la ayuda del [Señor de las Bestias y el cerdo de guerra|experimentado arreador y su leal bestia|domador de bestias y su leal perro|dúo dinámico|competente dueto] y les dimos la bienvenida a nuestro equipo."
"evt-steal-animals-action","Comprar pack animal"
"evt-steal-animals","Le solicitamos al puesto de avanzada que nos proveyera un pack animal adecuado."
"evt-village-steal-animal","[Exigimos un animal como tributo para el Gran Emperador Simio|Forzamos al esclavista a darnos uno de sus animales|El esclavista estaba tan impresionado que nos proveyó un animal|El animal que nos entregaron parecía ser lo único de valor que tenían|El esclavista se tragó su orgullo y se entregó a nuestras demandas|Claramente, el esclavista nos despreciaba por tomar uno de sus animales]. [Llamamos|Nombramos|Apodamos|Decidimos llamar] $name a la bestia."
"it-whisky-ape-name","Schnapps de Banana"
"it-whisky-ape","Destilado de acuerdo a la Ley de Pureza Simia, estas son cosas seriamente intensas. No es apto para el consumo de humanos."
"fxt-outpost-name","Puesto de Avanzada Simio"
"evt-outpost-init-action","Entrar al Puesto de Comercio Simio"
"evt-village-human-main-0","Los aldeanos estaban intimidados por nuestra presencia. Los padres escondieron a sus niños, y los ancianos de la aldea estaban temblando."
"evt-village-human-main-1","Los humanos nos observaron con asombro. Sabían que una figura de gran poder estaba de pie ante ellos."
"evt-village-human-main-2","Los Humanos se acercaron a nosotros con una actitud cautelosa."
"evt-village-human-main-3","Los humanos no parecían temernos mucho. Su comportamiento era casi... malicioso."
"evt-village-human-main-4","Los humanos eran hostiles. Algunos de ellos, incluso, se atrevían a portar armas en nuestra presencia."
"evt-expedition-done-WoA-1","Tras [semanas de incursión|tales esfuerzos|todo este trabajo], [la euforia|una gran alegría|un orgullo extraordinario|un alivio tremendo] me llenaba. Sabía que [mi|este|el] nombre $name [sería recordado por siempre|nunca sería olvidado|sería sinónimo de victoria|sería recordado y se escribiría sobre él mucho después de que yo partiera de esta vida|sería respetado en la corte imperial|se uniría a los anales de la historia simio]."
"evt-goal-explore-WoA-finish","[La majestuosa Ciudad Dorada se alzaba sobre todo lo que la rodeaba|La Ciudad Dorada se levantaba ante todos|Finalmente, llegamos a la Ciudad Dorada|El exótico paisaje complementaba a la extraordinaria Ciudad Dorada|Una maravilla de arquitectura simio, la Ciudad Dorada estaba a nuestro alcance|Nuestro destino final nos tentó con su dorada gloria|La ciudad de oro nos invitaba a la victoria|La meta se nos presentaba en la forma de una ciudad hecha de oro|Ahí estaba la Ciudad Dorada, un pináculo de la ingeniería simio]."
"evt-expedition-done-WoA-action-1","[¡Gloria a los simios!|¡Honor!|¡Por el Emperador!|¡Por la Fama y la Gloria!|¡Hacia la Historia!|¡Fama Infinita Aguarda!|¡Fortuna y Gloria!]"
"evt-goldenCity-approach-action","Dirigirse a la Ciudad Dorada"
"fxt-goldenCity-unearthed-name","Ciudad Dorada del Imperio"
"evt-goal-explore-WoA-finish-action","Entrar en la Ciudad Dorada"
"zn-fleeingHumans-name","Humanos que huyen"
"evt-peaceful-enslavement-action","Exigir un tributo de prisioneros"
"evt-peaceful-enslavement-fail","Como lo decretan nuestras tradiciones ancestrales, declaramos una Gran Cacería. Gran gloria nos esperaba si teníamos éxito. Los humanos fueron forzados a huir hacia lo salvaje y se les dio ventaja... la cacería había comenzado."
"evt-peaceful-enslavement-success","Los humanos se rindieron a nuestra voluntad, dándose cuenta de que ofrecernos parte de su comunidad como tributo era la mayor posibilidad que tenían para asegurar la libertad del resto. Rápidamente, cargamos la ofrenda humana en nuestro carro. El resto de los humanos no podían verlos a los ojos, su vergüenza era muy grande."
"evt-forceful-enslavement-action","Llamado para una gloriosa caza"
"evt-village-huntSlaves","Tomamos las medidas de los humanos y decidimos que podrían ser un tributo digno para el Gran Emperador Simio. ¿Debíamos seguir nuestras tradiciones ancestrales y declarar una Gran Cacería o intentar entregarlos de una forma mucho menos prestigiosa?"
"evt-peaceful-enslavement-fail-2","Podían ver tras nuestras amenazas y mentiras, y decidieron arriesgarse y mantenerse firmes."
"evt-shrine-14-mod","Olfateé el aire. [Como una casa comunitaria|Como heces pútridas|Un hedor fétido, como los barrios bajos de la Ciudad Simio en verano]. O una zanja al borde de la carretera. Entonces vi los vapores, sucias y enfermizas fumarolas emanando de pequeñas grietas en el suelo."
"evt-buy-moonstone-title","Comprar Piedra Lunar"
"evt-buy-moonstone","Convencimos al puesto de avanzada de vendernos el tributo necesario para entrar en la Ciudad Dorada local."
"evt-stoneCircle-revealSlaver-action","Revelar puestos de avanzada"
"evt-pacify-success","Nos las arreglamos para aliviar sus preocupaciones con palabras endulzadas. La muchedumbre retrocedió... por ahora."
"evt-pacify-action","Calmar a la multitud"
"evt-negotiate-success","Después de una apasionada obra maestra retórica, los Humanos se sintieron sorprendidos. La multitud retrocedió... por ahora."
"evt-negotiate-action","Apelar a la razón"
"evt-show-of-force-success","Nos mostramos en todo nuestro esplendor marcial, con nuestras armas a la vista. La multitud retrocedió... por ahora."
"evt-show-of-force-action","Demostración de fuerza"
"evt-seal-slaves-title","Explotar la Fuerza de vida humana"
"evt-seal-slaves","Los humanos dieron su fuerza vital como tributo a la Ciudad Dorada. El mero poder del ritual era abrumador, y no necesitabas ser un chamán de la corte para sentir que el cambio estaba, literalmente, en todo el aire que rodeaba al sitio."
"evt-goldenSeal-slaves","Nos aproximamos a [una misteriosa|una enorme|una aparentemente antigua|una inmemorial] estructura que parecía estar hecha, en parte, de oro puro. Se veía como uno de los antiguos emplazamientos que recolectaban tributos para las Ciudades Doradas. [Con algo de esfuerzo, seríamos capaces de activarlo|Creo que podríamos ponerlo en movimiento utilizando la fuerza vital de humanos|Con un poco de preparación y tiempo, con seguridad, seríamos capaces de activarlo]. Sin embargo, lo que, con exactitud, sucedería tras su activación permanecía como un misterio."
"evt-goldenSeal-1-slaves","[Nos llevó un tiempo, pero eventualmente|Después de muchas horas de ritual|Después de mucho esfuerzo] fuimos [capaces de|lo suficientemente hábiles para] [satisfacer|desbloquear|activar] el [inusual|misterioso|gran|aparentemente antiguo|enigmático] mecanismo. De repente, una enorme columna de luz [emergió|surgió|fue lanzada|se extendió] desde el sello."
"pl-berserker-title","Berserker"
"pl-berserker","Guerreros que están obsesionados con la Bananaschnapps. Acercarse con cuidado."
"pl-vanguard-title","Vanguardia"
"pl-vanguard","Los miembros de la Vanguardia Imperial son exploradores de élite entrenados en la guerra de montaña."
"it-lokiGun-athena-name","Ira de los Ancestros"
"it-lokiGun-athena","El arma personal de Athena es un antiguo artefacto de poder incontrolado."
"narrator-1","Como siempre[, los nobles|, los sujetos|, los sicofantes] del Emperador Simio habían venido a hacerle una petición a [Su Majestad|Su Magnificencia|su Señor]. ¿Qué les hace a ustedes pensar que son, siquiera, dignos de Su tiempo?"
"narrator-2","Eres un noble insignificante, un don nadie. ¡Necesitas hacerte un nombre por ti mismo! Anda a visitar las Ciudades Doradas del Imperio, ¡e impresiona a sus gobernantes!"
"narrator-3","En tu camino, asalta a los patéticos humanos, captúralos y ofrécelos como tributo a las Ciudades Doradas. Pero ten cuidado, tus rivales siempre están cerca."
"narrator-4","Ahora parte, caza y saquea. Si vuelves con riqueza y fama, podrás, incluso, llegar a formar parte de Su círculo interno. ¡Por el Emperador Simio! "
"outro-pyramid","Ciudad Dorada"
"cl-celebration-audience-10","[¡Cásate conmigo!|¡Qué guapo!|¡Te amo!|¡Hombres y Mujeres Simio trabajando juntos!]"
"cl-celebration-audience-11","[¡Ese búfalo es enorme!|¡Así que los búfalos son así!|¡Miren a ese búfalo!|¿Cuál es el nombre del búfalo?]"
"cl-celebration-audience-1","[¡Mira a ese|¡Qué|¡Eso es un] [bonito|fiel|confiable|valiente] burro!"
"cl-celebration-audience-2","[¡Qué perro tan leal!|¡Desearía tener un perro como ese!|¡Ese perro se merece su propia medalla!]"
"cl-celebration-audience-3","[¡Puedo oler el alcohol desde aquí!|¿Les importa compartir algo de ese Bananaschnapps?|¿Eso es una botella de Bananaschnapps?]"
"cl-celebration-audience-4","[¡Qué chica!|Una mujer simio, ¿en verdad?|¡Deja la aventura para los hombres simio!|¿Acaso me engañan mis ojos? ¿Una mujer simio?|¡Vuelve a la librería!|Los tiempos están cambiando.|Bien, eso es una agradable sorpresa para el sexo femenino|Ella es gloriosa.|¡Ella debería conocer su lugar!|Los tiempos están cambiando para mejor, ciertamente.|Nada mal, para una mujer simio.|¡Ella es una modelo a seguir!]"
"cl-celebration-audience-5","[¡Un salvaje!|¡Qué incivilizado!|¿Por qué traerlo para acá?|¡Un bruto!|¿Puede hablar?]"
"cl-celebration-audience-6","[¿Cómo es que esa cosa está siquiera viva?|¡No me gusta esa cosa!|¡El horror!|¿Qué es eso?|¿Puede hablar?|¡Tengo miedo!|¡Esa cosa pertenece a un zoológico!|¡Qué impía es esa cosa!]"
"cl-celebration-audience-7","[¡¿Completamente solo?!|¿Dónde están los demás?|¿Quizá triunfaron por su cuenta?|Te hace preguntarte qué le sucedió al resto del grupo...|Debió haber sido un viaje solitario.|¿El resto del equipo pereció?|¿Solo un mono?]"
"cl-celebration-audience-8","[¡Maestro animal!|Deben gustarle los animales.|Estima a los animales más que a los monos.|Probablemente, también puede hablar con los animales.]"
"cl-celebration-audience-9","[¿Por qué tantos soldados?|Seguro aprecian tener a un buen soldado a su lado|¿Están regresando de la guerra?]"
"cl-celebration-audience","[¡Bravo|¡Sí|¡Desearía ser tú|¡Tú me inspiras|¡Fantástico|¡Espléndido|¡Heroico|¡Maravilloso|¡Déjame ver|¡Salven los Antiguos al Emperador|¡Por el Imperio|¡Por el Emperador|¡Por el Emperador y los Simios!|¡Increíble|¡Exquisito|¡Qué día|¡Qué valiente|¡Qué deleite|¡Extraordinario]!"
"cl-celebration-party-1","[¡Es hora de celebrar con un trago!|*hic*|¡Salud!|¡Bebamos un Bananaschnapps!]"
"cl-celebration-party-2","[¡Solo estoy haciendo la labor del Emperador!|¡Seas bendecido!|¡Solo quiero ayudar!]"
"cl-celebration-party-3","[Lo que sea.|Ni siquiera me importa.|Espero que estés feliz ahora.|¿Te sientes como un héroe?]"
"cl-celebration-party-4","[¿Por qué todos estos simios me están mirando?|Esto no me da seguridad|¿Todo esto es por mí?|Voy a tener que acostumbrarme a esto.|Demasiado simios.]"
"cl-celebration-party-5","[Finalmente, simios civilizados otra vez.|Todos mantengan la calma, ya estoy de vuelta.|Todo parece tan distinto.|Me alegra estar de vuelta.]"
"cl-celebration-party","[¡Gracias a ustedes!|¡Estoy sobrecogido!|¡Qué amable de su parte!|¡Gracias!|Oh, ¡esto es sencillamente magnífico!|¡Qué estupendo!|¡Esto es maravilloso!]"
"pk-goodReputation-title","Presencia Imponente"
"evt-harbor-recruit-soldierBritish-action","$name, el merodeador"
"evt-harbor","Temprano aquella mañana,|El aire estaba fresco y sabía a sal, cuando|Lleno de expectativa,|Esperando con ansias el inminente asalto,|Tras levantarme al romper el día,|Después de una buena noche de descanso,|Después de estar muy emocionado por dormir,] [llegué a los muelles|conseguí llegar a los muelles|abordé la nave|guardé mi equipo en el barco|arrivé al puerto|me apresuré hasta el puerto|me apuré y llegué a los muelles]. [La tripulación todavía tenía preparativos por hacer|El capitán aún no había llegado|Aún habían algunos arreglos por hacer|Teníamos algo de tiempo antes de que el barco estuviera listo], [así que me tomé una última taza de Bananaschnapps|así que me quedé en la cubierta, disfrutando de la fría brisa|así que me senté en el muelle y esperé|así que busqué a ver si había algo que pudiera hacer|así que realicé un ritual para un viaje veloz|así que me imaginé qué yacía más allá del horizonte|así que sentí algo de placer visualizando cómo susurraban mi nombre en la corte|así que imaginé cómo se vería mi semblante en una estatua a mi honor]."
"evt-harbor-recruit-1","[Sentía orgullo al ver que|Ya que yo era uno de los Simios más famosos en la corte,|Estaba encantado de poder presenciar que|Las noticias de mis gloriosos asaltos y tributos se habían difundido, así que no estaba sorprendido de ver que] [mi fama se había extendido entre los cortesanos y los aduladores imperiales|las historias de mis proezas habían atraído a toda clase de personalidades intrigadas|los relatos de mis asaltos y tributos pasados habían atraído algo de atención|el embarque de nuestra nave atrajo a una multitud de considerable tamaño]. [Varios reclutas nuevos aparecieron,|Se me acercaron varios Simios competentes] [dispuestos a acompañar a mi grupo de asalto hacia lo desconocido|suficientemente emprendedores para unirse a mi causa|ansiosos por saquear y por la gloria|curiosos por descubrir más cosas acerca de las seis Ciudades Doradas del Imperio|para saber la verdad de las leyendas que rodean mis proezas|con hambre de gloria y de saquear]. ¿A quién quería _reclutar?_"
"evt-harbor-recruit-2","Esta expedición podría posiblemente llevarme al primer lugar y colocarme por encima de mis rivales|fue una carrera reñida por el primer lugar y el envidiable premio de las gracias del Emperador Simio|Mis asaltos y tributos pasados habían tenido bastante éxito y sentí que ya estaba cerca de ver mi cara en una estatua hecha a mi honor]. [Se corrió la voz acerca de esto en la Capital Imperial|Mis proezas eran bien conocidas|Mi reputación me precedía], [y muchos Simios vinieron a ver nuestro barco|atrayendo a Simios emprendedores a mi causa|de modo que muchos reclutas nuevos llegaron al barco|dispuestos a unirse a nuestro grupo de asalto]. ¿A quién quería _reclutar?_"
"evt-harbor-recruit-3","[Mi reputación aún era escasa, pero|Tras los esfuerzos de mis incursiones pasadas,] [pude notar un interés moderado en nuestras hazañas|más simios comenzaron a mostrar interés en nuestro barco]. ¿A quién quería _reclutar?_"
"evt-harbor-select","[Justo a tiempo,|Por fin,|Estaba rebosante de adrenalina cuando|Mi corazón saltaba con la expectativa, al escuchar que] [el|nuestro] [barco|buque] estaba [listo|preparado|alistado] [para zarpar|para izar las velas|para dejar la bahía|para navegar|para dirigirse a costas lejanas|para salir al mar abierto]."
"evt-harbor-recruit-mountainTrooper-action","$name, la vanguardia"
"evt-village-recruit-bloodrider-action","$name, el Jinete de Sangre"
"evt-village-recruit-bloodrider","$name, el Jinete de Sangre, se unió a la expedición."
"evt-harbor-recruit-berzerker-action","$name, el berserker"
"evt-harbor-recruit-berzerker","$name, el berserker, se unió a nuestra expedición."
"pk-whiskyIncrease-1-title","Fanático del Bananaschnapps 1"
"pk-whiskyIncrease-1","Incrementa la cordura recibida al beber Bananaschnapps."
"pk-whiskyIncrease-2-title","Fanático del Bananaschnapps 2"
"pk-whiskyIncrease-3-title","Fanático del Bananaschnapps 3"
"pk-whiskyIncrease-4-title","Fanático del Bananaschnapps 4"
"bonus-whisky","Cordura de Bananaschnapps"
"pl-native-starting-shaman-title","Chamán de la Corte"
"pl-native-starting-shaman","Uno de los consejeros cercanos del Emperador Simio. Es practicante de ritos ancestrales y las tradiciones de la alquimia (Posibilidad de ganancia de sanidad al utilizar setas)"
"evt-village-recruit-shaman-action","$name, el chamán"
"base-sanity","Moral"
"help-sanity","La motivación y nivel de satisfacción de tu grupo de incursión. Llega a cero, y más y más eventos catastróficos comenzarán a ocurrir."
"base-standing","Dominio"
"help-standing","Qué tan serviles son los humanos de esta región ante tu autoridad. Permite que llegue muy bajo, y pueden tornarse rebeldes."
"pl-native-starting-scout-title","Explorador imperial"
"world-adjective","[Estado Cliente|Provincia Imperial|Ciudad Estado|Enclave Imperial|Reino Cliente|Reino Tributario|Estado Vasallo|Reino Vasallo|Ciudad Magnífica|Gran Ciudad|Gran Colonia|Colonia Rica|Gran Provincia|Provincia Rica|Enclave Militar|Enclave Mercantil|Enclave Científico|Cábala Chamánica|Tierras de Cacería] [del Pretor|del Cónsul|del Procónsul| del Gobernador|del General|del Señor de la Guerra|del Maestro de Guerra|del Autarca|del Exarca|del Maestro|del Hierofante|del Sabio|del Ministro|del Legado|del Señor|del Capataz|del Regente|del Tetrarca|del Triarca|del Pentarca] [Appius|Aulus|Caeso|Caligula|Caracalla|Commodus|Decimus|Domitianus|Elagabalus|Faustus|Gaius|Gnaeus|Herius|Hostus|Lucius|Macharius|Mamercus|Manius|Marcus|Marius|Mettius|Minatius|Nero|Nerva|Nonus|Novius|Numerius|Olus|Opiter|Ovius|Paullus|Pescennius|Pompeius|Postumus|Publius|Pullo|Quintus|Salvius|Septimus|Sertor|Servius|Sextus|Spurius|Statius|Sulla|Tiberius|Titus|Tullius|Tullus|Vibius|Volesus|Vopiscus|Vorenus]"
"gol-goldenTemple-arctic","Una Ciudad Dorada puede ser encontrada en esta región."
"gol-goldenTemple-buried","Contiene una Ciudad Dorada disfrazada por una ilusión chamánica."
"gol-goldenTemple-moonStone","Una Ciudad Dorada puede ser encontrada en esta región."
"empty-name",""
"evt-village-enter-neutral","[Los aldeanos nos observaban con precaución mientras nuestro grupo llegaba a su establecimiento.| Al nosotros llegar, la aldea estaba repleta de actividad, pero se detuvo tan pronto los Humanos fijaron su vista en nuestro grupo.] [Nos aproximamos a ellos abiertamente y nos detuvimos en la entrada de la aldea|Estábamos parados en la entrada de la aldea y consideramos nuestras opciones con estas personas]."
"evt-ship-arrival","Estaba terminando mis preparativos matutinos, cuando|Mi nivel de concentración hacia mis estudios sobre esta área era alto, cuando|Temprano en la mañana,|El viaje a lo largo del océano trajo consigo varios avistamientos maravillosos de la vida marina, y luego|Mis pensamientos estaban enfocados en el asalto que se avecinaba, hasta que|Después de una inesperadamente calmada travesía|No me atrevo a enumerar todas las pruebas y tribulaciones de la travesía, pero afortunadamente|Después de viajar por semanas|Después de demasiados días salados en el océano|Después de apenas haber sobrevivido una de las más monstruosas tormentas eléctricas que he visto desde un barco|Era glorioso navegar por los mares abiertos, y me entristecí un poco cuando|Después de semanas de pura comida asquerosa y nada de bananas|Justo cuando pensaba que nunca encontraríamos un camino a través de estas aguas,|En medio de la densa neblina de una mañana lluviosa,][Llegamos a las tierras del gobernante local|por fin llegamos a la costa de nuestra área a invadir|arribamos a nuestra área a invadir|una orilla emergió de la neblina matutina]. [El campo se abría paso en frente de nosotros, vasto e indomable|El paisaje foráneo nos invitaba a explorar|Tenía curiosidad de descubrir qué tipo de peligros nos esperaban aquí|Habíamos llegado, y era hora de arremeter|Yo sabía que este lugar tenía la llave de mi avance en la corte|Yo sabía que necesitaba encontrar e impresionar al gobernante local|Yo sabía que necesitaba encontrar la Ciudad Dorada]."
"evt-village-enter-forsaken","[La aldea estaba vacía.|Una visión escalofriante: era como si los habitantes de esta aldea nunca hubiesen vivido ahí. No había un solo hombre, mujer o niño en todo el lugar.|La aldea estaba abandonada por completo.] [Era obvio que la gente había dejado el lugar a toda prisa.|Parecía un lugar olvidado hacía mucho tiempo, uno que pronto se volvería indistinguible del paisaje que lo rodeaba.] Registré el sitio, pero no encontré nada de utilidad."
"evt-postNarrative-extra-1","Los grandes esfuerzos de sus aventuras habían dejado cicatrices en su [cuerpo|mente|alma] y su familia atestiguó que $he era ahora una sombra de la persona que una vez conocieron."
"evt-postNarrative-extra-2","$He usó la riqueza que había acumulado para impresionar a la nobleza y a los simios comunes, organizando uno de los más grandes festivales con banquetes y juegos que el Imperio alguna vez había visto."
"evt-postNarrative-extra-3","Pese a que se desenvolvía en la sociedad de una manera rudimientaria, $he encontró imposible desarrollar nuevas amistades, ni se diga de asegurar aliados sociales y políticos."
"evt-postNarrative-extra-4","Sus incursiones le dieron una invaluable perspectiva de la fragilidad de la vida, así que $he se esforzó cada día por [mejorar su estatus|forjar un nombre para sí|ganar favor junto a los nobles del Imperio|acumular riqueza|ganar nuevos aliados|asegurarse una posición privilegiada con la Corte Imperial]."
"evt-postNarrative-extra-5","$He ganó fama local por construir un vasto hábitat para los variados y extraños animales que había [obtenido en circunstancias misteriosas|traído a casa luego de sus últimas incursiones]."
"evt-postNarrative-extra-alcoholic","$He [siempre se aseguraba de cargar un frasco de Bananaschnapps consigo adonde fuera|sentía que el Bananaschnapps le ayudaba a lidiar con el trauma de ser mediocre|creía que el Bananaschnapps era necesario para ser en verdad capaz de expresar el propio ser]."
"evt-postNarrative-extra-animalName","Un hábitat humano recién descubierto fue nombrado en su honor."
"evt-postNarrative-extra-bipolar","A lo largo de su vida, $he experimentó semanas y meses de fases maniáticas en las que mostraría [una increíble energía, seguidas por períodos igualmente largos de debilitante depresión|fluctuaciones de humor extremas]."
"evt-postNarrative-extra-cookCanibal","Su especialidad era un platillo [frutal|de champiñones mezclados|de carne picante|de una curiosa carne]. La gente venía de todos los rincones del Imperio a probarlo y, sin embargo, nunca nadie develó sus ingredientes secretos."
"evt-postNarrative-extra-cookPyromaniac","Desafortunadamente, el lugar se quemó hasta sus cimientos bajo circunstancias sospechosas. $name nunca se recuperó [financiera|en reputación|emocional] ni mentalmente de esa pérdida."
"evt-postNarrative-extra-cookSoup","Su algo famosa especialidad era una exótica sopa que $he clamaba haber confeccionado con la ayuda de los más famosos chefs de las Ciudades Doradas."
"evt-postNarrative-extra-firstChildName","$He llamó al primero de su progenie como [quien lideró las incursiones que dieron forma a su vida|quien gobernaba una de las Ciudades doradas que encontró durante sus viajes|la nave que le llevó a casa]."
"evt-postNarrative-extra-kleptomaniacPoor","$He fue exiliado de la corte luego de que [intentara reclamar artefactos que nuestras incursiones habían|tratara de robar algunos de los prisioneros humanos que su grupo de incursión había|tratara de robar algunos de los artefactos que su grupo de incursión había] traído de vuelta."
"evt-postNarrative-extra-kleptomaniacRich","$He se sumergió en el lujo hasta un grado [insano|notorio|pomposo], aunque la fuente precisa de sus riquezas nunca fue aclarada de manera exacta."
"evt-postNarrative-extra-nativeFashion","$He no dejó de ostentar sus excéntricos ropajes e incluso inspiró [un nuevo estilo de calzado|un nuevo y distinto tipo de sombreros|una nueva clase de indumentaria para incursiones|un boom de la moda] durante [un verano particular|un invierno particular|una temporada particular]."
"evt-postNarrative-extra-noLoyalty","Más tarde, $he se convirtió en fuente de duras críticas a sus propias expediciones de asalto y elaboró [una gran cantidad de|una particular|una reducida cantidad de] obra escrita. [Teniendo una muy amplia distribución|Siendo de poco conocimiento público], sus [artículos|libros] hablaban sobre la posibilidad de que quizá los humanos eran más que, simplemente, unos animales patéticos con apenas capacidad de sentir. Fue fuertemente criticado por sus heréticos puntos de vista."
"evt-postNarrative-extra-racistChange",""
"evt-postNarrative-extra-royalName-1","[$He fue formalmente reconocido como un noble por la Corte Imperial y portó su nuevo título con gran orgullo|$He declinó un título formal proveniente de la Corte Imperial]."
"evt-postNarrative-extra-royalName-2","A $He le atormentaban [implacables|interminables] pesadillas relacionadas con las [horribles|inexplicables|oscuras|malignas] cosas que había hecho."
"evt-postNarrative-extra-royalName-3","$He no volvió a mencionar palabra alguna sobre lo que había hecho durante sus viajes."
"evt-postNarrative-extra-royalName","[Una nave|Un buque|Un puente|Una calle|Un hábitat humano] de la realeza fue llamado en su nombre."
"evt-postNarrative-extra-soldierLife","$He recibió la condecoración de una medalla militar por [salvar la vida de un compañero simio a costa de arriesgar su propia vida|capturar un número impresionantemente alto de humanos|asegurar una aldea de humanos rebelde con una sola mano|marchar durante tres días seguidos sin dormir para entregar un importante elemento de inteligencia]."
"evt-postNarrative-extra","$He mantuvo el contacto con la mayoría de los otros supervivientes y con ellos intercambió correspondencia cada mes hasta su muerte, años después. Permanecieron como aliados en el juego de escalar socialmente."
"evt-postNarrative-extraCampaign","$name regresó triunfante [a la Capital Imperial|al corazón del Imperio|a las ondulantes colinas de las tierras imperiales|a los pacíficos valles de las tierras imperiales|a las impresionantes montañas de las tierras imperiales|a las exuberantes costas esmeralda de las tierras imperiales|al lugar al que llamaba hogar|con sus seres amados|a su hogar|a su ciudad de origen|con su familia]. La estatua en verdad le hacía justicia, y, sin embargo, no conseguía descanso. Vívidas pesadillas de una tierra distante le atormentaban cada noche. $He no sabía cómo, pero era como si un nuevo conocimiento se estuviera formando gradualmente en su conciencia. De alguna forma, $he supo que tendría que zarpar una vez más, y este sería su último viaje. Esta vez, $he no iría en busca de fama, sino de algo mucho más grande..."
"evt-postNarrative-lateLife-alcoholicDeath","$He [tuvo una muerte prematura, tras muchos años de beber con intensidad|murió en una pelea de borrachos|consiguió que le asesinaran, luego de que despotricara contra el Emperador Simio|murió por la mano de un amigo, tras una discusión de borrachos|murió de un padecimiento relacionado con el Bananaschnapps, luego de pasar el día entero bebiendo|se ahogó en el océano bajo la luz crepuscular de un frío día de otoño|vivió hasta una edad muy avanzada, pese a su constante bebedera]."
"evt-postNarrative-lateLife-familyDeath","$He [murió en los brazos de sus leales criados|tomó su último aliento en compañía de su inmensa familia y numerosos aliados]."
"evt-postNarrative-lateLife-genericDeath","$He vivió una vida larga y [feliz|humilde|tranquila] y murió en presencia [de su familia|de su siempre conspiradora esposa|de sus ingratos nietos|de un chamán de la Corte|de su fiel mascota]."
"evt-postNarrative-lateLife-lepidopterophobiaDeath","Pese a todas las aventuras en las que $he no pereció por su miedo a las [mariposas|grandes polillas], [su vida se vería reducida en adelante por|murió en] un trágico accidente que tendría lugar mientras [cazaba|escalaba|realizaba una incursión]. Tal fue su afectación por la fobia, que [entró en un estado de confusión|perdió el control] y cayó por un precipicio."
"evt-postNarrative-lateLife-missionaryDeath","$He vivió una vida [humilde|tranquila|modesta|sencilla] y murió [habiendo servido al Emperador Simio|en adoración al Emperador Simio|en presencia de sus aliados]."
"evt-postNarrative-lateLife-nativeDeath","$He [murió de malaria|murió por el desafortunado ataque de un elefante|durante una estampida de ganado|murió por las graves heridas que, por muy mala suerte, le causó un jabalí|murió bajo las desgarradoras zarpas de un tigre, mientras buscaba agua en el estanque|murió en paz, en compañía de sus aliados]."
"evt-postNarrative-lateLife-paranoidDeath","[$He pasó los últimos años de su vida en prisión, luego de asesinar a un colector de impuestos por una supuesta extorsión|Se desconoce su paradero en los últimos años, luego de que desapareciera una noche cualquiera|La última persona que le vio dijo que iba corriendo sin ropa por la calle, mientras ladraba como un humano|$name pasó los últimos años de su vida en un sanatorio, adonde fue a parar luego de que atacara al señor de su localidad acusándole formar parte de un culto de adoración tentacular|Se regó el rumor de que cayó en la locura|Los rumores sugieren que se convirtió en escriba, manteniendo un estado de reclusión permanente y una obsesión con ciertas Deidades inmemoriales]."
"evt-postNarrative-lateLife-seventhWorldDeath","En su vida tardía, se obsesionó con [recurrentes|inquietantes] [sueños|pensamientos|nociones|visiones|pesadillas] sobre una [olvidada|restante|oculta] [Ciudad de Oro de origen antiguo|séptima expedición]. [$He desapareció sin dejar ningún rastro|No se le volvió a ver, ni se escuchó más nada sobre $he]."
"evt-postNarrative-lateLife-soldierDeath","$He murió en una guerra en la que [su escuadrón fue diezmado por desobediencia|formó parte de numerosas victorias antes de su captura y ejecución por un señor de la guerra enemigo|sacrificó su propia vida por el bien del Imperio|desafió las ordenes que le fueron dadas, y subsecuentemente todo su escuadrón le apuñaló hasta la muerte|avanzaba temerariamente, casi de manera suicida]."
"evt-postNarrative-middleLife-1","Luego de regresar, $name [viajó a lo largo y ancho de las provincias imperiales y reinos cliente|visitó muchos de los territorios del imperio] [hablando|hablando públicamente|realizando lecturas] sobre aquellas famosas incursiones."
"evt-postNarrative-middleLife-2","$name regresó a su hogar y vivió su vida en reclusión. Después de algunos años, publicó sus memorias, las cuales [no recibieron mucha atención pública|no consiguieron cautivar la imaginación del público|se convirtieron en un gran éxito, permitiéndole vivir una vida financieramente cómoda|se convirtieron en un éxito de la noche a la mañana, y le convirtieron en el tema de conversación de la corte]."
"evt-postNarrative-middleLife-3","$name permaneció en las tierras imperiales y nunca regresó a su antiguo hogar."
"evt-postNarrative-middleLife-4","$name [regresó a su tierra natal y jamás volvió a poner un pie en las tierras imperiales|había desarrollado una pasión por ambas culturas y, a lo largo de su vida, realizó muchos viajes entre la gloriosa Capital Imperial y su humilde tierra natal]."
"evt-postNarrative-middleLife-5","$name forjó [una posición para sí|una profesión] en las filas del ejercito."
"evt-postNarrative-middleLife-6","$name regresó a la Capital Imperial y abrió [un pequeño|un diminuto|un humilde|un exclusivo] [restaurante|comedor de beneficencia|establecimiento de comida], el cual manejó durante muchos años."
"evt-postNarrative-middleLife-7",""
"evt-postNarrative-middleLife","$name regresó a su hogar [y comenzó a trabajar en su antigua profesión otra vez|pero el desgaste físico le impidió alguna vez volverse a dedicar a una profesión normal|y acabó escribiendo una serie de textos instructivos sobre ""El Arte de la Incursión""|y vivió del dinero de la adinerada persona con la que se casó poco tiempo después|y se convirtió en alcalde de su ciudad|y le fue otorgada la asesoría de la Corte Imperial|y abrió una pequeña librería, en un intento por difundir mayor conocimiento sobre el mundo|y, tras algo de fama inicial, se desvaneció entre las sombras de la historia]."""
"evt-postNarrative-special-1","$name regresó triunfante [a la Capital Imperial|al corazón del Imperio|a las ondulantes colinas de las tierras imperiales|a los pacíficos valles de las tierras imperiales|a las impresionantes montañas de las tierras imperiales|a las exuberantes costas esmeralda de las tierras imperiales|al lugar al que llamaba hogar|con sus seres amados|a su hogar|a su ciudad de origen|con su familia]. $He vivió una vida [mediocre|sin mayores acontecimientos|insatisfecha] y nunca olvidó, hasta el día de su muerte, cómo falló en su empresa fundamental de convertirse en el Elegido del Emperador Simio."
"evt-postNarrative-special-2","$name regresó triunfante [a la Capital Imperial|al corazón del Imperio|a las ondulantes colinas de las tierras imperiales|a los pacíficos valles de las tierras imperiales|a las impresionantes montañas de las tierras imperiales|a las exuberantes costas esmeralda de las tierras imperiales|al lugar al que llamaba hogar|con sus seres amados|a su hogar|a su ciudad de origen|con su familia]. $He vivió durante muchos años. Algunos fueron buenos, otros fueron malos, pero su estrella nunca brilló con tanta fuerza como cuando navegó alrededor del mundo buscando la gloria. Estuvo tan cerca de alcanzar la fama eterna. Hasta el final, se le recordaría por fallar al intentar alcanzar su más grande meta."
"evt-postNarrative-special","$name regresó triunfante [a la Capital Imperial|al corazón del Imperio|a las ondulantes colinas de las tierras imperiales|a los pacíficos valles de las tierras imperiales|a las impresionantes montañas de las tierras imperiales|a las exuberantes costas esmeralda de las tierras imperiales|al lugar al que llamaba hogar|con sus seres amados|a su hogar|a su ciudad de origen|con su familia]. [Luego de que|Una vez que] [una estatua fuese moldeada a su semejanza,|hubiese asegurado su legado con una espléndida estatua, $he] disfrutó una vida [larga|gloriosa|exitosa] en la corte como la mano derecha del mismísimo Emperador Simio, sabiendo que la historia le [recordaría|tendría|estimaría] [en el más alto grado|como parte de los grandes|como un ejemplo de heroicidad de primera clase|como un héroe real|como el más grande invasor que se hubiese conocido|más allá de cualquier medida|como lo mejor que el Imperio tenía para ofrecer|como el rostro de la Corte Imperial durante generaciones|como el pináculo de la grandeza|como alguien a quien admirar|como una inspiración para todos los otros simios]."
"attack-loki-name-1","Rayo estable"
"attack-loki-name-2","Rayo Defensivo"
"attack-loki-name","Rayo de corriente alterna"
"np-malePraenomen","[Appius|Aulus|Caeso|Decimus|Faustus|Gaius|Gnaeus|Herius|Hostus|Lucius|Mamercus|Manius|Marcus|Mettius|Minatius|Nonus|Novius|Numerius|Olus|Opiter|Ovius|Paullus|Pescennius|Postumus|Publius|Quintus|Salvius|Septimus|Sertor|Servius|Sextus|Spurius|Statius|Tiberius|Titus|Tullus|Vibius|Volesus|Vopiscus]"
"np-femalePraenomen","[Appia|Aula|Caesa|Decima|Fausta|Gaia|Gnaea|Heria|Hosta|Lucia|Mamerca|Mania|Marcia|Mettia|Mino|Nona|Noviua|Numeria|Postuma|Publia|Quinta|Salvia|Septima|Sertor|Servia|Sexta|Spuria|Statia|Tiberia|Titia|Tulla|Vibius|Volusa|Vopisca]"
"np-maleNomen","[Aelius|Aemilius|Allidius|Alius|Allius|Ampius|Anicius|Annaeus|Annius|Antonius|Arellius|Arius|Atanius|Attiolenus|Audius|Aufidius|Aurelius|Avilius|Babullius|Bombius|Braundutius|Caecilius|Caelius|Caesonius|Calpurnius|Caltius|Calvius|Castricius|Cerrinius|Cincius|Cispius|Claudius|Clodius|Cluvius|Cocceius|Cottius|Cornelius|Cornius|Cossinius|Cossutius|Crassicius|Crepereius|Critonius|Decumius|Didius|Diobellius|Domitius|Egnatius|Erucius|Fabius|Fabricius|Felsonius|Flaminius|Flavius|Fulvius|Furius|Gerillanus|Gerraeus|Gessius|Granius|Heius|Helvius|Horarius|Hordionius|Hostilius|Iulius|Laberius|Labienus|Laelius|Laronius|Licinius|Livius|Loisius|Lollius|Lucceius|Lucretius|Luxius|Maecius|Magulnius|Mamilius|Marcius|Marius|Memmius|Mescinius|Messius|Mevius|Mindius|Mundicius|Naevius|Nerius|Nimmius|Nonnius|Novius|Numitorius|Nummius|Numonius|Obellius|Octavius|Ofellius|Olius|Opellius|Oppius|Orbius|Orceius|Otacilius|Paconius|Pactumeius|Pediasius|Pedius|Petronius|Pettius|Pius|Plaitorius|Plotius|Pompeius|Pompilius|Pomponius|Popilius|Popillius|Porcius|Pumidius|Quinctius|Raecius|Rasennius|Rutilius|Sabinius|Samiarius|Satricanius|Saufeius|Seius|Sempronius|Septimius|Serpoleius|Servilius|Sestius|Sextilius|Spedius|Staius|Stenius|Stertinius|Stlaccius|Sulfius|Sulpicius|Tarquinius|Titinius|Trebellius|Tuccius|Tullius|Turpillius|Tuscenius|Tutorius|Ulpius|Valerius|Varius|Venoleius|Veratius|Verrinius|Verius|Veturius|Veveius|Vibius|Vicirius|Vipsanius|Vinicius|Viseius|Vitellius|Vorenus|Umbricius|Volusius]"
"np-femaleNomen","[Aelia|Aemilia|Allidia|Alia|Allia|Ampia|Anicia|Annaea|Annia|Antonia|Arellia|Aria|Atania|Attiolena|Audia|Aufidia|Aurelia|Avilia|Babullia|Bombia|Braundutia|Caecilia|Caelia|Caesonia|Calpurnia|Caltia|Calvia|Castricia|Cerrinia|Cincia|Cispia|Claudia|Clodia|Cluvia|Cocceia|Cottia|Cornelia|Cornia|Cossinia|Cossutia|Crassicia|Crepereia|Critonia|Decumia|Didia|Diobellia|Domitia|Egnatia|Erucia|Fabia|Fabricia|Felsonia|Flaminia|Flavia|Fulvia|Furia|Gerillana|Gerraea|Gessia|Grania|Heia|Helvia|Horaria|Hordionia|Hostilia|Iulia|Laberia|Labiena|Laelia|Laronia|Licinia|Livia|Loisia|Lollia|Lucceia|Lucretia|Luxia|Maecia|Magulnia|Mamilia|Marcia|Maria|Memmia|Mescinia|Messia|Mevia|Mindia|Mundicia|Naevia|Neria|Nimmia|Nonnia|Novia|Numitoria|Nummia|Numonia|Obellia|Octavia|Ofellia|Olia|Opellia|Oppia|Orbia|Orceia|Otacilia|Paconia|Pactumeia|Pediasia|Pedia|Petronia|Pettia|Pia|Plaitoria|Plotia|Pompeia|Pompilia|Pomponia|Popilia|Popillia|Porcia|Pumidia|Quinctia|Raecia|Rasennia|Rutilia|Sabinia|Salvia|Samiaria|Satricania|Saufeia|Seia|Sempronia|Septimia|Serpoleia|Servilia|Sestia|Sextilia|Spedia|Staia|Stenia|Stertinia|Stlaccia|Sulfia|Sulpicia|Tarquinia|Titinia|Trebellia|Tuccia|Tullia|Turpillia|Tuscenia|Tutoria|Ulpia|Valeria|Varia|Venoleia|Veratia|Verrinia|Veria|Veturia|Veveia|Vibia|Viciria|Vinicia|Vipsania|Viseia|Vitellia|Vorena|Volusia|Umbricia]"
"np-maleCognomen","[Abito|Adjutor|Aemilianus|Adventus|Agrippa|Alexander|Aloysius|Alypius|Amandus|Ambrosius|Amphion|Antonius|Anatolius|Andronicus|Angelus|Aquila|Arcadius|Arvina|Asina|Augustus|Aurelianus|Aurelius|Auspex|Avitus|Balduinus|Bassus|Belenus|Belisarius|Bellator|Bellus|Bibulus|Brutus|Caelestius|Candidus|Caligula|Carinus|Carus|Castus|Celer|Cicero|Cinna|Clemens|Commodus|Crassus|Crescens|Crispus|Datus|Dannicus|Decentius|Decius|Diocletianus|Donatus|Domitianus|Draco|Drusus|Durus|Emeritus|Faustus|Felix|Festus|Firmus|Fortunatus|Fronto|Fuscus|Glaucia|Gracchus|Hadrianus|Honoratus|Honorius|Ianaurius|Ingenuus|Iovita|Iulianus|Iustus|Lepidus|Longinus|Magnus|Marcellinus|Marcellus|Marcianus|Martialis|Maximus|Nerva|Numerianus|Optatus|Primus|Priscus|Probus|Proculus|Pullo|Quintillus|Rogatianus|Rogatus|Rufinus|Rufus|Sabinus|Saturninus|Scipio|Secundus|Seianus|Severus|Silvanus|Sulla|Superbus|Tacitus|Tertius|Traianus|Urbanus|Valens|Valentinus|Valerianus|Verecundus|Verus|Vespasianus|Victor|Victorinus|Vitalis|Zeno|Zosimus]"
"np-femaleCognomen","[Aemiliana|Agrippa|Agrippina|Adventa|Alexandra|Aloysia|Alypia|Amanda|Ambrosia|Amphia|Anatolia|Andronica|Angela|Antonina|Aquila|Arcadia|Augusta|Aureliana|Aurelia|Avita|Balduina|Bassa|Belena|Belisaria|Bella|Bibula|Bruta|Caelestia|Candida|Carina|Cara|Casta|Commoda|Crassa|Crispa|Dannica|Data|Decentia|Decia|Diocletiana|Domitiana|Donata|Drusa|Dura|Emerita|Fausta|Festa|Firma|Fortunata|Fusca|Glaucia|Graccha|Hadriana|Honorata|Honoria|Ianauria|Ingenua|Iovita|Iuliana|Iusta|Lepida|Longina|Magna|Marcellina|Marcella|Marciana|Maxima|Numeriana|Optata|Quintilla|Paulla|Prima|Prisca|Proba|Procula|Rogatiana|Rogata|Rufina|Rufa|Sabina|Saturnina|Secunda|Seiana|Severa|Silvana|Superba|Tacita|Tertia|Traiana|Urbana|Valentina|Valeriana|Verecunda|Vera|Vespasiana|Victoria|Victorina|Zena|Zosima]"
"np-romanTitles","[Praetor|Consul|Proconsul|Governor|General|Warlord|Warmaster|Autarch|Exarch|Grand Vizier|Grand Hierophant|Grand Shaman]"
