"fxt-village-human-name","Vila Humana"
"evt-village-pillage-action","Saquear e pilhar"
"evt-village-huntSlaves-action","Caçar os Humanos"
"evt-village-evict-action","Assustar a população"
"evt-village-human-abandoned-action","[Depois de muita intimidação e postura, a população fugiu com seus pertences|Demos um ultimato para os Humanos retirarem, e eles aceitaram de bom grado|Com medo de nossas ameaças, os Humanos rapidamente juntaram seus escassos pertences e fugiram]. Agora, os casebres foram abandonados."
"evt-village-human-abandoned-morning","[Um silêncio perturbador pairou sobre os casebres nesta manhã|Nenhuma alma podia ser vista|Nem vista nem som nesta manhã], estávamos sozinhos."
"it-slaves-name","Humano Aprisionado"
"it-slaves","Um Humano miserável, capturado e encarcerado para a glória do Grande Império Primata."
"pl-slaveCart-title","Gaiolas"
"pl-slaveCart","As gaiolas, quando montadas num carrinho de transporte, permitem o empilhamento de Humanos mais efetivamente a cada melhora. Realmente um feito incrível pela Engenhosidade Primata!"
"st-slave-stacking-description-1","Uma maravilha da tecnologia Primata. Permite que você transporte um humano por gaiola."
"st-slave-stacking-description-2","Uma maravilha da tecnologia Primata. Permite que você transporte dois humanos por gaiola."
"st-slave-stacking-description-3","Uma maravilha da tecnologia Primata. Permite que você transporte três humanos por gaiola."
"st-slave-stacking-description-4","Uma maravilha da tecnologia Primata. Permite que você transporte quatro humano por gaiola."
"st-slave-stacking-1-title","Eficiência Primata 1"
"st-slave-stacking-2-title","Eficiência Primata 2"
"st-slave-stacking-3-title","Eficiência Primata 3"
"st-slave-stacking-4-title","Eficiência Primata 4"
"evt-human-fight","[Os Humanos, ao entenderem suas intenções, prepararam-se para se defender|Com medo da possibilidade de serem escravizados, os Humanos pegaram as armas que tinham e se posicionaram diante de nós|Os homens e as mulheres da tribo se recusaram a serem levados pacificamente]. Uma luta era inevitável."
"evt-human-fight-action","Leve-os vivos!"
"evt-human-fight-flee-action","Retirada tática!"
"evt-human-fight-flee","Nós decidimos que aqueles espécimes em particular não eram dignos da perda de tempo e saímos à procura de pastos mais verdes. Encorajados, eles mandaram caçadores atrás de nós."
"evt-combat-loot-human-fight","[Exploramos a área e levamos conosco tudo de valor|Como saímos vitoriosos, os espólios pertenciam a nós]."
"pl-warlord-title","Senhor da guerra dos Primatas"
"sp-ee-warlord","Um general desonrado, Brutus vai lutar impiedosamente para reconquistar seu status aos olhos do Imperador Primata."
"st-warlord-title","Presença Dominadora"
"pl-athena-title","Grande Sábio"
"sp-ee-athena","Um sábio de intelecto incomparável, Athena se especializa em preservar armas das eras esquecidas."
"sp-ee-marcellus","Sem dúvida o Primata mais rico e bem equipado, além do próprio Imperador Primata."
"pl-marcellus-title","Príncipe Comerciante"
"st-sage-title","Conhecimento antigo."
"st-sage","A habilidade de preservar armas antigas."
"st-merchant-title","Príncipe Comerciante"
"st-merchant","Pode permitir que haja um membro adicional para as viagens."
"pl-bloodrider-title","Cavaleiro"
"pl-bloodrider","Cavaleiros são especialistas em pegar Humanos e experientes escoteiros. Os mais adeptos dentre eles têm uma pequena chance de associar-se à guarda pessoal do Imperador Primata."
"discoverVillage-1-title","Cavalaria Escoteira 1"
"discoverVillage-2-title","Cavalaria Escoteira 2"
"discoverVillage-3-title","Cavalaria Escoteira 3"
"discoverVillage-4-title","Cavalaria Escoteira 4"
"discoverVillage-1","Revela Postos Primata próximos."
"pl-neophyte-title","Neófito"
"pk-research-1-title","Pesquisador Iniciante"
"pk-research-1","Aumenta a quantidade e valor de estudos criados."
"pk-research-2-title","Pesquisador Avançado"
"pk-research-3-title","Pesquisador Profissional"
"pk-research-4-title","Pesquisador Mestre"
"pl-marauder-title","Larápio"
"pl-marauder","O Larápio se diverte em batalha, inspirando seus companheiros Primatas por meio de força inacreditável."
"anm-warmount-title","Montaria"
"anm-warmount","Os animais mais durões e rudes, criados e treinados com um propósito: Guerra."
"ruins-name","Ruinas"
"evt-ruins-2-action","Examinar ruinas"
"evt-ruins-3","Uma antiga ruína erguia-se a nossa frente. [Estava em terríveis condições devido ao inclemente castigo do clima durante séculos|Parecia tão antigo como o próprio tempo|O tempo tinha afetado severamente a estrutura|O tempo tinha corroído o que já havia sido uma visão majestosa]. [Teríamos que _escalar_ a estrutura para alcançar a entrada|O que havia restado de uma _escada estreita_ levava à única entrada|Eu conseguia avistar uma entrada na plataforma superior. Teríamos que _escalar_ as paredes exteriores para alcançá-la]."
"evt-ruins-2","[Uma estrutura enorme agigantava-se à nossa frente|Ruínas ancestrais, há muito esquecidas por Símios e Humanos, erguiam-se à nossa frente, banhadas em luz|A estrutura à nossa frente causava tanto medo quanto respeito|Nós chegamos à uma ruína há muito esquecida|Nós chegamos a um templo majestoso, aparentemente abandonado a eras]. [Suas paredes de metal estavam cobertas com uma camada de ferrugem|Todas os tipos de planta cresciam em direção ao sol|Era um testamento do poder de seus criadores]. [Vinhas baixas cobriam parcialmente a entrada que levava ao interior|Grandes escadas levavam a uma porta enorme|O portal que levava ao interior emitia um frio assustador]."
"evt-ruins-actions-action","Adentrar ruinas"
"evt-ruins-enter","[Nós chegamos ao que parecia ser um pequeno cofre subterrâneo|Perante a nós estava uma espécie de cofre esquecido|Entramos cuidadosamente em uma área de armazenamento bem preservada]. [Se este lugar tivesse algum artefato antigo, eu sabia que os encontraríamos aqui|Nós calmamente olhamos ao redor da câmara coberta de ferrugem]. Nossos passos ecoaram quando entramos no cofre."
"evt-ruins-enter-action","Investigar cofre"
"evt-ruins-hint-ice","O metal era _frio_ ao toque. [Que interessante|Deve ter alguma explicação científica para este fenômeno|Eu indaguei se teria se tornado de alguma forma resistente ao calor ou se tinha alguma outra explicação]."
"evt-steal-animals-1","Uma fila de animais adequados estava parada diante de nós. Devemos trocar por qual?"
"evt-outpost-enter","[Eu havia|Nós haviamos|A expedição havia|Nossa expedição havia|Nosso grupo havia] [chegado|entrado|parado] no posto avançado. Fomos recebidos por um traficante de escravos e um xamã da corte. [O lugar estava sujo|Era um lugar de desesperança e tristeza|O lugar exalava o lado escuro da humanidade|Era um acampamento bem seguro mas móvel|O acampamento estava cheio de imundície|Um fedor pungente de excremento humano trouxe lágrimas para os meus olhos] e [gaiolas cheias de escravos estavam espalhadas por toda a área|por ali havia uma coleção de gaiolas cheias de prisioneiros intimidados|várias gaiolas grandes estavam cheias de todo tipo de pessoas diferentes]."
"it-policebaton-name","Cassetete de Polícia"
"it-policebaton","Uma vara muito resistente, muito boa para espancar Humanos"
"it-grenade-name","Granada de Mão"
"it-grenade","Uma caixa de metal em forma de limão que faz BOOM se você jogá-la em Humanos."
"it-banana-name","Banana"
"it-banana","A gloriosa comida dos Deuses, algumas vezes leva Primatas a níveis incríveis de atividade física. Não adequada para consumo Humano."
"zn-roamingNatives-name","Forrageiras Humanas"
"it-philosophersstone-name","Pedra Filosofal"
"it-philosophersstone","A posse mais preciosa de Athena: Um artefato antigo de Clarividência."
"anm-warhog-title","Porco de Guerra"
"anm-warhog","Porcos de Guera dos Primatas são infames como bestas de caça ferozes. Alguns dizem que eles podem cheirar um Humano a um quilômetro de distância."
"pl-beastMaster-title","Mestre de Bestas"
"pl-beastMaster","Mestres de Bestas podem 'coagir' qualquer animal a superar suas limitações físicas. E eles nunca iriam a luta sem os seus confiáveis Porcos de Guerra, que eles criam desde o nascimento."
"evt-harbor-recruit-beastMasterWarhog-action","Mestre de Bestas e Porco de Guerra"
"evt-harbor-recruit-beastMasterWarhog-1","Nós poderíamos usar a ajuda do [Mestre de Bestas e do Porco de Guerra|manipulador experiente de animais e da leal besta|domador de animais e do fiel porco|dupla dinâmica|emparelhamento eficiente] e os acolhemos na nossa equipe."
"evt-steal-animals-action","Comprar animal de carga"
"evt-steal-animals","Pedimos ao posto avançado que nos fornecesse um animal de carga adequado."
"evt-village-steal-animal","[Nós exigimos um animal como tributo ao Grande Imperador Primata|Nós coagimos o escravista a nos fornecer um de seus animais|O escravista ficou impressionado o suficiente para nos conceder um animal|O animal que nos foi fornecido parecia ser o único animal digno que eles tinham|O traficante de escravos engoliu seu orgulho e cedeu às nossas demandas|O escravista estava claramente nos detestando por pegar um de seus animais]. Nós [chamamos|nomeamos|apelidamos|decidimos chamar] a besta de $name."
"it-whisky-ape-name","Aguardente de Banana"
"it-whisky-ape","Destilado de acordo com a Lei da Pureza dos Primatas, é uma bebida seriamente intensa. Não apta para consumo por Humanos."
"fxt-outpost-name","Posto Primata"
"evt-outpost-init-action","Entrar no Posto de Comércio Primata"
"evt-village-human-main-0","Os aldeões foram intimidados pela nossa presença. Os pais esconderam os filhos e o ancião da aldeia tremia."
"evt-village-human-main-1","Os Humanos olhavam para nós com temor. Eles sabiam que uma figura de grande poder estava na frente deles."
"evt-village-human-main-2","Os Humanos se aproximaram de nós com uma conduta cautelosa."
"evt-village-human-main-3","Os Humanos não pareciam nos temer muito. Seu comportamento era quase... rancoroso."
"evt-village-human-main-4","Os humanos eram hostis. Alguns deles estavam realmente se atrevendo a carregar armas em nossa presença."
"evt-expedition-done-WoA-1","Depois de [semanas de invasão|tal empreendimento|todo esse trabalho], [euforia|grande alegria|extraordinário orgulho|tremendo alívio] tomou conta de mim. Eu sabia que [meu|este|o] nome $name [seria para sempre lembrado|não seria esquecido|seria sinônimo de vitória|seria escrito por muito tempo depois que eu partisse dessa vida|seria respeitado na corte Imperial|faria parte nos anais da história Primata]."
"evt-goal-explore-WoA-finish","[A majestosa Cidade Dourada elevou-se acima de seu ambiente|A Cidade Dourada pairou acima de todos|Finalmente chegamos à Cidade Dourada|A paisagem exótica complementou a extraordinária Cidade Dourada|Uma maravilha da arquitetura Primata, a Cidade Dourada estava ao nosso alcance|Nosso destino final nos insultou com sua glória de ouro|A cidade de ouro nos acenou para a vitória|O objetivo nos foi apresentado na forma de uma cidade feita de ouro|Lá estava a Cidade Dourada, um pináculo da engenharia Primata]."
"evt-expedition-done-WoA-action-1","[Glória aos Primatas!|Honra!|Pelo Imperador!|Pela Fama e Glória!|Avante à História!|Fama ao Infinito!|Fortuna e Glória!]"
"evt-goldenCity-approach-action","Aproxime-se da Cidade Dourada"
"fxt-goldenCity-unearthed-name","Cidade Dourada do Império"
"evt-goal-explore-WoA-finish-action","Entrar na Cidade Dourada"
"zn-fleeingHumans-name","Humanos Fugitivos"
"evt-peaceful-enslavement-action","Exigir um tributo de cativos"
"evt-peaceful-enslavement-fail","Conforme decretado por nossas antigas tradições, declaramos uma Grande Caçada. Grande glória nos aguardava se tivéssemos sucesso. Os Humanos foram forçados a fugir para a natureza e lhes foi dado uma vantagem inicial... a caçada havia começado."
"evt-peaceful-enslavement-success","Os Humanos se submeteram à nossa vontade ao perceber que oferecer uma parte de sua comunidade para nós como tributo, era a melhor chance de liberdade para o resto. Nós rapidamente carregamos o tributo Humano em nossa carroça. O resto dos Humanos não conseguiam olhá-los nos olhos, pois a vergonha era grande demais."
"evt-forceful-enslavement-action","Chamada para uma gloriosa caçada"
"evt-village-huntSlaves","Nós julgamos os Humanos e decidimos que eles fariam um tributo digno para o Grande Imperador dos Primatas. Devemos seguir nossas antigas tradições e declarar uma Grande Caçada ou tentar submetê-los de uma maneira muito menos prestigiosa?"
"evt-peaceful-enslavement-fail-2","Eles viram através de nossas ameaças e mentiras e decidiram arriscar e se defender."
"evt-shrine-14-mod","Eu cheirei o ar. [Como uma casa pública|Como fezes pútridas|Cheiro fétido, como as favelas da Cidade Primata no verão]. Ou uma vala de estrada. Então eu vi os vapores, talos sujos de gavinhas pegajosas de fumo saindo de minúsculas fissuras no chão."
"evt-buy-moonstone-title","Comprar Pedra Lunar"
"evt-buy-moonstone","Convencemos o posto avançado a nos vender o tributo necessário para entrar na Cidade Dourada local."
"evt-stoneCircle-revealSlaver-action","Revelar postos avançados"
"evt-pacify-success","Conseguimos acalmar suas preocupações com palavras adoçadas. O multidão recuou... por agora."
"evt-pacify-action","Acalmar a multidão"
"evt-negotiate-success","Depois de uma majestosa retórica impetuosa, os Humanos ficaram surpresos. A multidão recuou... por agora."
"evt-negotiate-action","Apelar para a razão"
"evt-show-of-force-success","Nos ordenamos em todo nosso esplendor bélico, armas a mostra. A multidão recuou... por agora."
"evt-show-of-force-action","Demonstração de força"
"evt-seal-slaves-title","Atingir a força vital Humana"
"evt-seal-slaves","Os Humanos deram sua força vital como tributo à Cidade Dourada. O enorme poder do ritual foi esmagador, e você não precisava ser um xamã da corte para sentir que a mudança estava literalmente no ar ao redor do local."
"evt-goldenSeal-slaves","Nós nos aproximamos de [uma misteriosa|uma grande|uma aparentemente antiga|uma imemorial] estrutura que parecia ser parcialmente feita de ouro puro. Parecia-se muito com um dos locais antigos que coletavam tributos para as Cidades Douradas. [Com algum esforço, esperávamos poder desencadeá-lo|Acredito que com a força vital dos Humanos poderíamos colocá-la em movimento|Com um pouco de preparação e tempo, certamente poderíamos ativá-la]. No entanto, exatamente o que aconteceria após a ativação permanecia um mistério."
"evt-goldenSeal-1-slaves","[Demorou um pouco, mas eventualmente|Depois de muitas horas de ritual|Depois de muito trabalho] fomos capazes de [reparar|desbloquear|ativar] o [incomum|misterioso|grande|aparentemente antigo|enigmático] mecanismo. De repente, uma enorme coluna de luz [emergiu|surgiu|se lançou|se estendeu] do selo."
"pl-berserker-title","Berserker"
"pl-berserker","Guerreiros que estão obcecados com aguardente de banana. Aproxime-se com cuidado."
"pl-vanguard-title","Vanguarda"
"pl-vanguard","Membros da Vanguarda Imperial são batedores de elite treinados em guerra nas montanhas."
"it-lokiGun-athena-name","Ira dos Anciões"
"it-lokiGun-athena","A arma pessoal de Atena é um artefato antigo de poder descontrolado."
"narrator-1","Como sempre [, os nobres|, os súditos |, os bajuladores] do Imperador Primata vieram fazer uma petição [a Sua Majestade|a Sua Magnificência|ao seu Suserano]. O que te faz pensar que você é, se quer, digno de Seu tempo?"
"narrator-2","Você é um nobre insignificante, um ninguém. Você precisa fazer um nome para si mesmo! Vá visitar as Cidades Douradas do Império e impressione seus governantes!"
"narrator-3","No seu caminho, ataque os Humanos patéticos, capture-os e ofereça-os como um tributo às Cidades Douradas. Mas esteja ciente, seus rivais estão sempre por perto."
"narrator-4","Agora saia, vá caçar e pilhar. Se você voltar rico e famoso, você pode até se tornar parte de Seu círculo íntimo. Pelo Imperador Primata! "
"outro-pyramid","Cidade Dourada"
"cl-celebration-audience-10","[Case comigo!|Que lindo!|Eu te amo!|Homens e Mulheres Primata trabalhando juntos!]"
"cl-celebration-audience-11","[Aquele búfalo é enorme!|Então, é assim que um búfalo se parece!|Olhe para aquele búfalo!|Qual é o nome do búfalo?]"
"cl-celebration-audience-1","[Olhe para aquele|Que|É um] [bonito|leal|fiel|corajoso] burro!"
"cl-celebration-audience-2","[Que cão leal!|Eu gostaria de ter um cachorro assim!|Esse cachorro merece sua própria medalha!]"
"cl-celebration-audience-3","[Eu posso sentir o cheiro do álcool daqui!|Se importaria de compartilhar um pouco dessa aguardente de Banana?|Isso é uma garrafa de aguardente de Banana?]"
"cl-celebration-audience-4","[Que dama!|Uma mulher Primata, sério?|Deixe a aventura para os homens Primata!|Meus olhos me enganam, uma mulher Primata?|Volte para a biblioteca!|Os tempos estão mudando.|Bem, isso é uma agradável surpresa para o sexo frágil.|Ela é gloriosa.|Ela deveria saber o seu lugar!|Os tempos estão certamente mudando para melhor.|Nada mal, para uma mulher Primata.|Ela é um exemplo!]"
"cl-celebration-audience-5","[Um selvagem!|Que incivilizado!|Por quê trazer isso pra cá?|Um bruto!|Isso fala?]"
"cl-celebration-audience-6","[Como é que essa coisa pode estar viva?|Eu não gosto dessa coisa!|Que horror!|O que é aquilo?!|Isso fala?|Estou com medo!|O lugar dessa coisa é no zoológico!|Mas que coisa demoníaca!]"
"cl-celebration-audience-7","[Sozinho?!|Onde estão os outros?|Talvez eles tenham triunfado sozinhos?|Faz você pensar o que aconteceu com o resto da equipe...|Deve ter sido uma expedição solitária.|O resto da equipe pereceu?|Só um Primata?]"
"cl-celebration-audience-8","[Mestre de animais!|Deve gostar de animais.|Gosta mais de animais do que de Primatas.|Provavelmente também consegue falar com animais.]"
"cl-celebration-audience-9","[Por quê tantos soldados?|Deve gostar de um bom soldado a seu lado.|Eles estão voltando da guerra?]"
"cl-celebration-audience","[Bravo|Sim|Eu queria ser você|Você me inspira|Fantástico|Esplêndido|Heroico|Maravilhoso|Deixe-me ver|Os Anciões salvem o Imperador|Pelo Império|Pelo Imperador|Pelo Imperador e a Nação|Incrível|Primoroso|Que dia|Tão valente|Que deleite|Extraordinário]!"
"cl-celebration-party-1","[Hora de comemorar com uma bebida!|*hic*|Saúde!|Vamos tomar uma aguardente de Banana!]"
"cl-celebration-party-2","[Estou apenas fazendo o trabalho do Imperador!|Benção!|Eu só quero ajudar!]"
"cl-celebration-party-3","[Tanto faz.|Eu sequer me importo.|Espero que esteja feliz agora.|Está se sentindo como um herói?]"
"cl-celebration-party-4","[Por que todos esses Primatas estão olhando pra mim?|Isto não parece seguro.|Tudo isso pra mim?|Vou precisar me acostumar com isso.|Muitos Primatas.]"
"cl-celebration-party-5","[Finalmente, Primatas civilizados de novo.|Acalmem-se todos, estou de volta.|Tudo se parece tão diferente.|Feliz por estar de volta.]"
"cl-celebration-party","[Obrigado!|Estou lisonjeado!|Gentileza de sua parte!|Valeu!|Ah, isso é incrível!|Que maravilha!|Isso é maravilhoso!]"
"pk-goodReputation-title","Presença Imponente"
"evt-harbor-recruit-soldierBritish-action","$name {o saqueador|a saqueadora}"
"evt-harbor","[Cedo naquela manhã|O ar estava fresco e tinha gosto de sal quando|Cheio de antecipação|Antecipando ansiosamente o ataque|Após me levantar ao nascer do sol|Após uma boa noite de sono|Após ter estado muito ansioso para dormir], [cheguei às docas|segui meu caminho para as docas|embarquei no navio|guardei meu equipamento no navio|cheguei ao porto|apressei-me para o porto|apressei-me e cheguei às docas]. [A tripulação ainda tinha preparações a fazer|O capitão ainda não tinha chegado|Ainda haviam algumas preparações a fazer|Ainda tínhamos algum tempo até o navio estar pronto], [então tomei uma última tragada de aguardente de Banana|então passei o meu tempo no convés, aproveitando a brisa fresca|sentei-me no pier e esperei|então verifiquei se havia algo que eu pudesse fazer|então eu realizei um ritual de viagem rápida|então eu imaginei o que havia além do horizonte|então tive algum prazer visualizando o meu nome sendo sussurrado na corte|então imaginei como ficaria meu rosto em uma estátua honorária]."
"evt-harbor-recruit-1","[Eu estava orgulhoso de ver que|Como eu era um dos Primatas mais famosos na corte,|Eu estava muito feliz em testemunhar que|As notícias dos meus gloriosos ataques e homenagens se espalharam, então eu não fiquei surpreso em ver que] [minha fama havia se espalhado entre os cortesãos e os bajuladores imperiais|histórias de minhas façanhas atraíram todo tipo de personalidades intrigantes|contos de meus ataques anteriores e tributos atraíram bastante atenção|o atracar de nosso navio tinha atraído bastante gente]. [Muitos recrutas novos apareceram,|Eu fui abordado por vários Primatas capazes que estavam] [dispostos a acompanhar meu grupo de pilhagem no desconhecido|empolgados o suficiente para se inscrever para minha causa|ansiosos por pilhagem e glória|curiosos para saber mais sobre as seis Cidades Douradas do Império|para aprender a verdade das lendas que cercam minhas façanhas|famintos por glória e pilhagem]. Quem eu queria _recrutar?_"
"evt-harbor-recruit-2","[Esta expedição poderia me elevar ao primeiro lugar e acima dos meus rivais|Foi uma disputa acirrada pelo primeiro lugar e o prêmio invejável das boas graças do Imperador Primata|Minhas investidas e homenagens passadas foram bem sucedidas e eu sentia que logo veria meu rosto em uma estátua honorária]. [Notícias sobre isso haviam se espalhado na Capital Imperial|Minhas façanhas eram bem conhecidas|Minha reputação me precedia], [e muitos Primatas vieram ver nosso navio|atraindo alguns Primatas aventureiros para minha causa|então muitos recrutas novos chegaram ao navio, dispostos a juntar-se ao nosso grupo de ataque]. Quem eu queria _recrutar?_"
"evt-harbor-recruit-3","[Minha reputação ainda era pequena, mas|Depois dos esforços de meus ataques anteriores, fiquei contente pois] [reparei certo interesse em nossas façanhas|mais Primatas começaram a mostrar interesse em nosso navio]. Quem eu iria _recrutar?_"
"evt-harbor-select","[Bem a tempo,|Finalmente|Minha adrenalina estava pulsando ao saber que|Meu coração saltou de alegria quando ouvi que] [o|nosso] [navio|barco] estava [pronto para|preparado para|apto a] [partir|abrir as velas|sair do porto|navegar em frente|partir para costas distantes|partir para o mar]."
"evt-harbor-recruit-mountainTrooper-action","$name a vanguarda"
"evt-village-recruit-bloodrider-action","$name o Cavaleiro"
"evt-village-recruit-bloodrider","$name o Cavaleiro se juntou à viagem."
"evt-harbor-recruit-berzerker-action","$name, {o|a} berserker"
"evt-harbor-recruit-berzerker","$name, {o berserker|a berserker}, juntou-se à expedição."
"pk-whiskyIncrease-1-title","Fanático por Aguardente de Banana 1"
"pk-whiskyIncrease-1","Incrementa a sanidade ganha ao beber aguardente de Banana."
"pk-whiskyIncrease-2-title","Fanático por Aguardente de Banana 2"
"pk-whiskyIncrease-3-title","Fanático por Aguardente de Banana 3"
"pk-whiskyIncrease-4-title","Fanático por Aguardente de Banana 4"
"bonus-whisky","Sanidade da Aguardente de Banana"
"pl-native-starting-shaman-title","Xamã da Corte"
"pl-native-starting-shaman","Um dos conselheiros próximos do Imperador Primata. Pratica ritos antigos e a ciência da alquimia (Chance de ganho de sanidade ao usar cogumelos)"
"evt-village-recruit-shaman-action","$name o xamã"
"base-sanity","Moral"
"help-sanity","O nível de motivação e satisfação de seu grupo de invasão. Se chegar a zero, mais e mais eventos catastróficos começarão a ocorrer."
"base-standing","Dominância"
"help-standing","O quanto servis são os humanos desta região perante sua autoridade. Deixe-a ficar demasiada baixa, e eles podem ficar rebeldes."
"pl-native-starting-scout-title","Batedor Imperial"
"world-adjective","[Estado Cliente|Província Imperial|Cidade-Estado|Enclave Imperial|Reino Cliente|Reino Tributário|Estado Vassalo|Reino Vassalo|Cidade Magnífica|Cidade Grandiosa|Colônia Grandiosa|Colônia Rica|Província Grandiosa|Província Rica|Enclave Militar|Enclave Mercantil|Enclave Ciêntifica|Cabala Xamã|Terras de Caça] do [Pretor|Cônsul|Procônsul|Governador|General|Senhora da Guerra|Mestre de Guerra|Autarca|Exarca|Mestre|Hierofante|Sábio|Ministro|Delegado|Suserano|Capataz|Regente|Tetrarca|Triarca|Pentarca][Appius|Aulus|Caeso|Caligula|Caracalla|Commodus|Decimus|Domitianus|Elagabalus|Faustus|Gaius|Gnaeus|Herius|Hostus|Lucius|Macharius|Mamercus|Manius|Marcus|Marius|Mettius|Minatius|Nero|Nerva|Nonus|Novius|Numerius|Olus|Opiter|Ovius|Paullus|Pescennius|Pompeius|Postumus|Publius|Pullo|Quintus|Salvius|Septimus|Sertor|Servius|Sextus|Spurius|Statius|Sulla|Tiberius|Titus|Tullius|Tullus|Vibius|Volesus|Vopiscus|Vorenus]"
"gol-goldenTemple-arctic","Uma Cidade Dourada pode ser encontrada nesta região."
"gol-goldenTemple-buried","Contém uma Cidade Dourada disfarçada por uma ilusão xamânica."
"gol-goldenTemple-moonStone","Uma Cidade Dourada pode ser encontrada nesta região."
"empty-name",""
"evt-village-enter-neutral","[Os moradores nos observaram com cautela conforme nosso grupo chegava em sua colônia.|Conforme chegamos, a aldeia estava movimentada com atividades, mas tudo parou assim que os Humanos avistaram o nosso grupo.] [Nos aproximamos deles abertamente e paramos na entrada da aldeia|Nós ficamos na entrada da aldeia e consideramos nossas opções com essas pessoas]."
"evt-ship-arrival","[Eu estava terminando meus preparativos matinais quando|Eu estava em profunda imersão nos estudos sobre esta área quando|Era de manhã cedo quando|A jornada através do oceano trouxe muitas visões maravilhosas da vida marinha quando
|Meus pensamentos estavam focados no próximo ataque quando|Depois de uma viagem inesperadamente calma|Não me atrevo a contar as provações e atribulações da viagem, mas felizmente|Depois de semanas de viagem|Depois de muitos dias salgados no mar|Depois de sobreviver a uma das mais monstruosas tempestades que eu já presenciei em um navio|Os mares abertos tinham sido gloriosos para navegar, e eu fiquei um pouco triste quando|Depois de semanas com comida desagradável e sem bananas|Justo quando eu pensava que nunca encontraríamos um caminho através destas águas|Na névoa espessa de uma manhã chuvosa] [nós chegamos às terras do governante local|nós finalmente chegamos à costa de nossa área de invasão|nós chegamos a nossa área de invasão|uma linha de costa elevou-se na neblina da manhã]. [A terra estava aberta à nossa frente, vasta e indomável|A paisagem estrangeira nos chamou para explorar|Eu estava curioso para descobrir que tipo de perigos estavam esperando por nós aqui|Nós tínhamos chegado, e era hora de sair|Eu sabia que este lugar tinha a chave do meu avanço na corte|Eu sabia que precisava encontrar e impressionar o governante local|Eu sabia que precisava encontrar a Cidade Dourada]."
"evt-village-enter-forsaken","[A aldeia estava vazia.|Uma visão arrepiante: Era como se os habitantes desta aldeia nunca tivessem vivido aqui. Não havia nenhum homem, mulher ou criança por perto.|A aldeia estava completamente abandonada.] [Era óbvio que as pessoas tinham saído às pressas.|Parecia um lugar há muito esquecido, e logo se tornaria indistinguível da paisagem circundante.] Eu procurei, mas não achei nada útil."
"evt-postNarrative-extra-1","A tensão de suas aventuras haviam deixado cicatrizes [em seu corpo|em sua mente|em sua alma] e sua família confirmou que $he agora era apenas uma sombra da pessoa que eles um dia conheceram."
"evt-postNarrative-extra-2","$He usou a sua riqueza acumulada para impressionar a nobreza e os Primatas comuns através da organização de um dos maiores festivais com banquetes e jogos, dos quais o Império jamais havia visto."
"evt-postNarrative-extra-3","Apesar de atuar na sociedade de forma rudimentar, $he achava impossível desenvolver novas amizades, e muito menos assegurar aliados sociais e políticos."
"evt-postNarrative-extra-4","Seus ataques haviam lhe dado uma perspectiva incalculável sobre a fragilidade da vida, e então $he se esforçou todos os dias para [melhorar seu status|construir uma reputação|ganhar vantagem com os nobres do Império|acumular riqueza|ganhar novos aliados|obter favores junto a Corte Imperial]."
"evt-postNarrative-extra-5","$He ganhou notoriedade por construir um grande habitat para os vários animais estranhos que $he [obteve em circunstâncias misteriosas|trouxe para casa após seu último ataque]."
"evt-postNarrative-extra-alcoholic","$He [sempre fazia questão de carregar consigo um frasco de aguardente de Banana onde quer que fosse|sentia que aguardente de Banana lhe permitia lidar com o trauma de ser medíocre|acreditava que aguardente de Banana era necessária para ser capaz de realmente se expressar]."
"evt-postNarrative-extra-animalName","Um recém-descoberto habitat Humano foi nomeado em sua honra."
"evt-postNarrative-extra-bipolar","Ao longo de sua vida $he experimentou semanas e meses de fases maníacas nas quais $he exibia [uma energia incrível, seguida por períodos igualmente longos de depressão debilitante|flutuações extremas de humor]."
"evt-postNarrative-extra-cookCanibal","Sua especialidade era [um prato com frutas|uma combinação de cogumelos|carne picante|um curioso prato com carnes]. As pessoas vieram de todas as partes do Império para comer e ainda assim ninguém descobriu os ingredientes secretos."
"evt-postNarrative-extra-cookPyromaniac","Infelizmente o local foi incendiado sob circunstâncias suspeitas. $name nunca se recuperou [financeiramente|reputacionalmente|emocionalmente] nem mentalmente dessa perda."
"evt-postNarrative-extra-cookSoup","Sua especialidade um tanto quanto famosa era uma sopa exótica que $he alegou ter inventado com a ajuda dos chefs mais famosos das Cidades Douradas."
"evt-postNarrative-extra-firstChildName","$He batizou seu primeiro filho com o nome do [líder dos ataques que moldaram sua vida|governante de uma das Cidades Douradas que $he encontrou durante suas viagens|navio no qual viajara para casa]."
"evt-postNarrative-extra-kleptomaniacPoor","$He foi {exilado|exilada} da corte depois que [tentou recuperar artefatos que nossas invasões haviam|tentou roubar alguns dos prisioneiros Humanos que seu grupo de invasão havia|tentou roubar alguns dos artefatos que seu grupo de ataque havia] trazido de volta."
"evt-postNarrative-extra-kleptomaniacRich","$He morava com [doentia|notória|pomposa] luxúria, embora a fonte exata de suas riquezas nunca fosse divulgada com exatidão."
"evt-postNarrative-extra-nativeFashion","$He não cessou o uso de suas roupas excêntricas e até inspirou [um novo estilo de calçado|um novo e distinto chapéu|uma nova marca de trajes de invasão|um boom na moda] durante [um verão|um inverno|uma estação] particular."
"evt-postNarrative-extra-noLoyalty","Mais tarde $he fez fortes críticas à suas expedições de invasão e escreveu [muitos|alguns] [artigos|livros] [fortemente difundidos|bastante desconhecido] sobre a possibilidade de que talvez os humanos fossem mais do que apenas animais patéticos, pouco sensíveis. Ele foi fortemente criticado por suas visões heréticas."
"evt-postNarrative-extra-racistChange",""
"evt-postNarrative-extra-royalName-1","[$He recebeu formalmente da Corte Imperial o status de nobre e usou o seu novo título com grande orgulho|$He recusou um título formal concedido pela Corte Imperial]."
"evt-postNarrative-extra-royalName-2","$He estava {atormentado|atormentada} por pesadelos [implacáveis|intermináveis] ​​sobre as coisas [horríveis|inexplicáveis|sombrias|malignas] que $he tinha feito."
"evt-postNarrative-extra-royalName-3","$He nunca voltou a mencionar o que tinha feito em suas viagens."
"evt-postNarrative-extra-royalName","[Uma nau|Uma embarcação|Uma ponte|Uma rua|uma habitação Humana] da realeza foi nomeada em sua homenagem."
"evt-postNarrative-extra-soldierLife","$He foi {premiado|premiada} com uma medalha militar por [salvar a vida de um companheiro Primata desprezando o perigo à sua própria vida|capturar um número incrivelmente alto de Humanos|defender por conta própria uma vila humana rebelde|marchar três dias seguidos sem dormir para entregar uma importante informação de inteligência]."
"evt-postNarrative-extra","$He ficou em contato com a maioria dos outros sobreviventes e se correspondiam mensalmente até sua morte anos depois. Eles permaneceram aliados no jogo do avanço social."
"evt-postNarrative-extraCampaign","$name retornou para [a Capital Imperial|o coração do Império|as colinas ondulantes do coração Imperial|os vales pacíficos do coração Imperial|as montanhas de tirar o fôlego do coração Imperial|a exuberante costa esmeralda das terras centrais do Império|o lugar que $he chamava de casa|seus entes queridos|casa|sua cidade natal|sua família] em triunfo. A estátua realmente lhe fez justiça mas, no entanto, $he não veio para descansar. Pesadelos vívidos de uma terra distante {o|a} atormentavam todas as noites. $He não sabia como, mas era como se um novo conhecimento estivesse gradualmente se formando em sua consciência. De alguma forma $he sabia que teria que zarpar mais uma vez, e seria sua última viagem. Desta vez, $he não estaria buscando fama, mas algo muito mais grandioso..."
"evt-postNarrative-lateLife-alcoholicDeath","$He [morreu prematuramente depois de muitos anos de bebedeira|morreu em uma briga de bêbados|perdeu a vida depois de um discurso bêbado contra o Imperador Primata|perdeu a vida devido a uma discussão de bebados com um amigo|morreu de alguma doença desconhecida relacionada a aguardente de Banana depois de passar o dia todo bebendo|afogou-se no mar na luz do amanhecer de um dia frio de Outono|viveu até uma velhice amadurecida, apesar de beber substancialmente]."
"evt-postNarrative-lateLife-familyDeath","$He [morreu nos braços de seus leais empregados|deu seu último suspiro cercado por sua grande família e aliados]."
"evt-postNarrative-lateLife-genericDeath","$He viveu uma longa vida [feliz|humilde|calma] e morreu na presença [de sua família|de seu cônjuge|de seus ingratos netos|de um xamã da corte|de seu fiel animal de estimação]."
"evt-postNarrative-lateLife-lepidopterophobiaDeath","Mesmo com todas as aventuras, $he nunca havia sucumbido ao medo de [borboletas|mariposas enormes], [sua vida tinha sido interrompida por|$he morreu em] um trágico acidente enquanto [caçava|caminhava em uma trilha|atacava]. $He estava tão {inibido|inibida} pela fobia, que ele se [confundiu|perdeu o controle] e caiu de um penhasco."
"evt-postNarrative-lateLife-missionaryDeath","$He viveu uma vida [humilde|tranquila|modesta|simples] e morreu [tendo servido o Imperador Primata|em adoração ao Imperador Primata|na presença de seus aliados]."
"evt-postNarrative-lateLife-nativeDeath","$He [morreu de Malaria|morreu de um infeliz ataque de Elefante|durante uma debandada de gado|foi dilacerado por um porco selvagem|morreu sendo atacado por um tigre enquanto pegava água do lago|morreu pacificamente ao lado de seus aliados]."
"evt-postNarrative-lateLife-paranoidDeath","[$He gastou os últimos anos de sua vida na prisão perpétua depois de assassinar um cobrador de impostos por suposta extorsão|O seu paradeiro nos últimos anos era desconhecido, tendo desaparecido certa noite|A última pessoa que disse ter visto $he, descreveu que estava correndo sem roupas por uma rua e latindo como um Humano|$name passou os últimos anos de sua vida em um sanatório, devido a agredir seu senhor local sob acusações de culto tentáculo|Um rumor espalhou sobre sua descida à loucura|Um rumor sugeriu que $he havia se entregado a reclusão, onde mantinha uma obsessão pela escrita de certas Deidades imemoriais]."
"evt-postNarrative-lateLife-seventhWorldDeath","Durante sua vida tardia, $he ficou {obcecado|obcecada} com [sonhos|pensamentos|idéias|visões|pesadelos] [recorrentes|assombrosos] sobre um [uma esquecida|uma remanescente|uma escondida] [Cidade Dourada de origem recente|sétima expedição]. [$He desapareceu sem deixar nenhum traço|Jamais se ouvir falar, nem se viu mais $he]."
"evt-postNarrative-lateLife-soldierDeath","$He morreu numa guerra onde [o seu grupo foi dizimado por desobediência|$he fez parte de numerosas vitórias antes de sua captura e execução por um senhor de guerra inimigo|$he sacrificou a sua vida pelo bem do Império|$he desafiou suas ordens, e consequentemente, sofreu até morrer com punhaladas dadas por todo o seu esquadrão |$he tinha avançado imprudentemente, quase de maneira suicida]."
"evt-postNarrative-middleLife-1","Após regressar, $name [viajou pelas províncias Imperiais e reinos clientes|visitou muitos dos territórios do Império] [falando|falando publicamente|dando palestras] sobre aqueles famosos ataques."
"evt-postNarrative-middleLife-2","$name voltou a sua casa e viveu uma vida isolada. Depois de alguns anos, $he publicou as suas memórias, as quais [não receberam muita atenção pública|não conseguiram cativar a imaginação do público|tornaram-se num grande êxito, permitindo-lhe viver uma vida financeiramente confortável|tornaram-se num êxito da noite para o dia o que fez $his o tema de conversa da corte]."
"evt-postNarrative-middleLife-3","$name permaneceu nas terras centrais do Império e nunca mais retornou para sua antiga casa."
"evt-postNarrative-middleLife-4","$name [voltou à sua terra natal e não voltou a meter os pés em terras Imperiais|havia desenvolvido uma paixão pelas duas culturas e viajou várias vezes na sua vida entre a gloriosa Capital Imperial e a sua humilde terra natal]."
"evt-postNarrative-middleLife-5","$name forjou [um papel|uma carreira] nas patentes militares."
"evt-postNarrative-middleLife-6","$name retornou à Capital Imperial e abriu [um pequeno|um diminuto|um humilde|um exclusivo] [restaurante|restaurante popular|estabelecimento alimentício], que $he dirigiu por muitos anos."
"evt-postNarrative-middleLife-7",""
"evt-postNarrative-middleLife","$name retornou para casa [e começou a trabalhar em sua velha profissão novamente|mas a tensão física lhe impediam de pegar uma profissão regular novamente|e acabou escrevendo uma série de textos instrucionais sobre a ""Arte de Invadir""|e vivia do dinheiro de um cônjuge rico ao qual casou-se logo após|e tomou a gerência de sua cidade|onde lhe foi concedido a assessoria da Corte Imperial|e abriu uma pequena biblioteca tentando espalhar mais conhecimento sobre o mundo|e depois de alguma fama inicial desapareceu nas sombras da história]."
"evt-postNarrative-special-1","$name retornou para [a Capital Imperial|o coração do Império|as colinas do coração Imperial|os vales pacíficos do coração imperial|as montanhas de tirar o fôlego nas regiões centrais do Império|a exuberante costa esmeralda no coração do império|o lugar que $he chamou de lar|seus entes queridos|casa|sua cidade natal|sua família] em triunfo. $He experimentou uma vida [medíocre|sem complicações|insatisfeita], e até o dia de sua morte $he não esqueceria como havia falhado na derradeira missão para se tornar o Escolhido do Imperador Primata."
"evt-postNarrative-special-2","$name retornou para [a Capital Imperial|o coração do Império|as colinas do coração Imperial|os vales pacíficos do coração imperial|as montanhas de tirar o fôlego nas regiões centrais do Império|a exuberante costa esmeralda no coração do império|o lugar que $he chamou de lar|seus entes queridos|casa|sua cidade natal|sua família] em triunfo. $He viveu por muitos anos. Alguns foram bons, outros foram ruins, mas nunca resplandeceram sua estrela tão brilhante quanto no dia que $he viajou pelo mundo em busca de glória. $He estava tão perto de alcançar a fama eterna. Até o final $he seria {lembrado|lembrada} por falhar em seu derradeiro objetivo."
"evt-postNarrative-special","$name retornou para [a Capital Imperial|o coração do Império|as colinas do coração Imperial|os vales pacíficos do coração imperial|as montanhas de tirar o fôlego nas regiões centrais do Império|a exuberante costa esmeralda no coração do império|o lugar que $he chamou de lar|seus entes queridos|casa|sua cidade natal|sua família] em triunfo. [Logo que|Uma vez que] [uma estátua foi modelada em sua semelhança, $he|$he garantiu seu legado com uma estátua esplêndida, $he] desfrutou de uma [longa|gloriosa|bem sucedida] vida na corte como a mão direita do próprio Imperador Primata, sabendo que a história lhe [lembraria|manteria|prezaria] [no mais alto grau|como um dos grandes|como um exemplo primordial de heroísmo|como exemplo de herói de verdade|como exemplo de invasor|além de qualquer medida|como o melhor que o Império tinha para oferecer|como o rosto da Corte Imperial por gerações|como o ápice da grandiosidade|como alguém a admirar|como uma inspiração para todos os outros Primatas]."
"attack-loki-name-1","Feixe Estável"
"attack-loki-name-2","Feixe Defensivo"
"attack-loki-name","Feixe Alternado"
"np-malePraenomen","[Appius|Aulus|Caeso|Decimus|Faustus|Gaius|Gnaeus|Herius|Hostus|Lucius|Mamercus|Manius|Marcus|Mettius|Minatius|Nonus|Novius|Numerius|Olus|Opiter|Ovius|Paullus|Pescennius|Postumus|Publius|Quintus|Salvius|Septimus|Sertor|Servius|Sextus|Spurius|Statius|Tiberius|Titus|Tullus|Vibius|Volesus|Vopiscus]"
"np-femalePraenomen","[Appia|Aula|Caesa|Decima|Fausta|Gaia|Gnaea|Heria|Hosta|Lucia|Mamerca|Mania|Marcia|Mettia|Mino|Nona|Noviua|Numeria|Postuma|Publia|Quinta|Salvia|Septima|Sertor|Servia|Sexta|Spuria|Statia|Tiberia|Titia|Tulla|Vibius|Volusa|Vopisca]"
"np-maleNomen","[Aelius|Aemilius|Allidius|Alius|Allius|Ampius|Anicius|Annaeus|Annius|Antonius|Arellius|Arius|Atanius|Attiolenus|Audius|Aufidius|Aurelius|Avilius|Babullius|Bombius|Braundutius|Caecilius|Caelius|Caesonius|Calpurnius|Caltius|Calvius|Castricius|Cerrinius|Cincius|Cispius|Claudius|Clodius|Cluvius|Cocceius|Cottius|Cornelius|Cornius|Cossinius|Cossutius|Crassicius|Crepereius|Critonius|Decumius|Didius|Diobellius|Domitius|Egnatius|Erucius|Fabius|Fabricius|Felsonius|Flaminius|Flavius|Fulvius|Furius|Gerillanus|Gerraeus|Gessius|Granius|Heius|Helvius|Horarius|Hordionius|Hostilius|Iulius|Laberius|Labienus|Laelius|Laronius|Licinius|Livius|Loisius|Lollius|Lucceius|Lucretius|Luxius|Maecius|Magulnius|Mamilius|Marcius|Marius|Memmius|Mescinius|Messius|Mevius|Mindius|Mundicius|Naevius|Nerius|Nimmius|Nonnius|Novius|Numitorius|Nummius|Numonius|Obellius|Octavius|Ofellius|Olius|Opellius|Oppius|Orbius|Orceius|Otacilius|Paconius|Pactumeius|Pediasius|Pedius|Petronius|Pettius|Pius|Plaitorius|Plotius|Pompeius|Pompilius|Pomponius|Popilius|Popillius|Porcius|Pumidius|Quinctius|Raecius|Rasennius|Rutilius|Sabinius|Samiarius|Satricanius|Saufeius|Seius|Sempronius|Septimius|Serpoleius|Servilius|Sestius|Sextilius|Spedius|Staius|Stenius|Stertinius|Stlaccius|Sulfius|Sulpicius|Tarquinius|Titinius|Trebellius|Tuccius|Tullius|Turpillius|Tuscenius|Tutorius|Ulpius|Valerius|Varius|Venoleius|Veratius|Verrinius|Verius|Veturius|Veveius|Vibius|Vicirius|Vipsanius|Vinicius|Viseius|Vitellius|Vorenus|Umbricius|Volusius]"
"np-femaleNomen","[Aelia|Aemilia|Allidia|Alia|Allia|Ampia|Anicia|Annaea|Annia|Antonia|Arellia|Aria|Atania|Attiolena|Audia|Aufidia|Aurelia|Avilia|Babullia|Bombia|Braundutia|Caecilia|Caelia|Caesonia|Calpurnia|Caltia|Calvia|Castricia|Cerrinia|Cincia|Cispia|Claudia|Clodia|Cluvia|Cocceia|Cottia|Cornelia|Cornia|Cossinia|Cossutia|Crassicia|Crepereia|Critonia|Decumia|Didia|Diobellia|Domitia|Egnatia|Erucia|Fabia|Fabricia|Felsonia|Flaminia|Flavia|Fulvia|Furia|Gerillana|Gerraea|Gessia|Grania|Heia|Helvia|Horaria|Hordionia|Hostilia|Iulia|Laberia|Labiena|Laelia|Laronia|Licinia|Livia|Loisia|Lollia|Lucceia|Lucretia|Luxia|Maecia|Magulnia|Mamilia|Marcia|Maria|Memmia|Mescinia|Messia|Mevia|Mindia|Mundicia|Naevia|Neria|Nimmia|Nonnia|Novia|Numitoria|Nummia|Numonia|Obellia|Octavia|Ofellia|Olia|Opellia|Oppia|Orbia|Orceia|Otacilia|Paconia|Pactumeia|Pediasia|Pedia|Petronia|Pettia|Pia|Plaitoria|Plotia|Pompeia|Pompilia|Pomponia|Popilia|Popillia|Porcia|Pumidia|Quinctia|Raecia|Rasennia|Rutilia|Sabinia|Salvia|Samiaria|Satricania|Saufeia|Seia|Sempronia|Septimia|Serpoleia|Servilia|Sestia|Sextilia|Spedia|Staia|Stenia|Stertinia|Stlaccia|Sulfia|Sulpicia|Tarquinia|Titinia|Trebellia|Tuccia|Tullia|Turpillia|Tuscenia|Tutoria|Ulpia|Valeria|Varia|Venoleia|Veratia|Verrinia|Veria|Veturia|Veveia|Vibia|Viciria|Vinicia|Vipsania|Viseia|Vitellia|Vorena|Volusia|Umbricia]"
"np-maleCognomen","[Abito|Adjutor|Aemilianus|Adventus|Agrippa|Alexander|Aloysius|Alypius|Amandus|Ambrosius|Amphion|Antonius|Anatolius|Andronicus|Angelus|Aquila|Arcadius|Arvina|Asina|Augustus|Aurelianus|Aurelius|Auspex|Avitus|Balduinus|Bassus|Belenus|Belisarius|Bellator|Bellus|Bibulus|Brutus|Caelestius|Candidus|Caligula|Carinus|Carus|Castus|Celer|Cicero|Cinna|Clemens|Commodus|Crassus|Crescens|Crispus|Datus|Dannicus|Decentius|Decius|Diocletianus|Donatus|Domitianus|Draco|Drusus|Durus|Emeritus|Faustus|Felix|Festus|Firmus|Fortunatus|Fronto|Fuscus|Glaucia|Gracchus|Hadrianus|Honoratus|Honorius|Ianaurius|Ingenuus|Iovita|Iulianus|Iustus|Lepidus|Longinus|Magnus|Marcellinus|Marcellus|Marcianus|Martialis|Maximus|Nerva|Numerianus|Optatus|Primus|Priscus|Probus|Proculus|Pullo|Quintillus|Rogatianus|Rogatus|Rufinus|Rufus|Sabinus|Saturninus|Scipio|Secundus|Seianus|Severus|Silvanus|Sulla|Superbus|Tacitus|Tertius|Traianus|Urbanus|Valens|Valentinus|Valerianus|Verecundus|Verus|Vespasianus|Victor|Victorinus|Vitalis|Zeno|Zosimus]"
"np-femaleCognomen","[Aemiliana|Agrippa|Agrippina|Adventa|Alexandra|Aloysia|Alypia|Amanda|Ambrosia|Amphia|Anatolia|Andronica|Angela|Antonina|Aquila|Arcadia|Augusta|Aureliana|Aurelia|Avita|Balduina|Bassa|Belena|Belisaria|Bella|Bibula|Bruta|Caelestia|Candida|Carina|Cara|Casta|Commoda|Crassa|Crispa|Dannica|Data|Decentia|Decia|Diocletiana|Domitiana|Donata|Drusa|Dura|Emerita|Fausta|Festa|Firma|Fortunata|Fusca|Glaucia|Graccha|Hadriana|Honorata|Honoria|Ianauria|Ingenua|Iovita|Iuliana|Iusta|Lepida|Longina|Magna|Marcellina|Marcella|Marciana|Maxima|Numeriana|Optata|Quintilla|Paulla|Prima|Prisca|Proba|Procula|Rogatiana|Rogata|Rufina|Rufa|Sabina|Saturnina|Secunda|Seiana|Severa|Silvana|Superba|Tacita|Tertia|Traiana|Urbana|Valentina|Valeriana|Verecunda|Vera|Vespasiana|Victoria|Victorina|Zena|Zosima]"
"np-romanTitles","[Pretor|Cônsul|Procônsul|Governador|General|Senhora da Guerra|Mestre de Guerra|Autarca|Exarca|Grande Vizir|Grande Hierofante|Grande Xamã]"
